,index,Unnamed: 0,unique_ID,calculated_war,percentile,Season_End_Year,Squad,Comp,Player,Nation,Pos,Age,Born,MP_Playing,Starts_Playing,Min_Playing,Mins_Per_90_Playing,Gls,Ast,G+A,G_minus_PK,PK,PKatt,CrdY,CrdR,xG_Expected,npxG_Expected,xAG_Expected,npxG+xAG_Expected,PrgC_Progression,PrgP_Progression,PrgR_Progression,Gls_Per,Ast_Per,G+A_Per,G_minus_PK_Per,G+A_minus_PK_Per,xG_Per,xAG_Per,xG+xAG_Per,npxG_Per,npxG+xAG_Per,Url,Mins_Per_90,Gls_Standard,Sh_Standard,SoT_Standard,SoT_percent_Standard,Sh_per_90_Standard,SoT_per_90_Standard,G_per_Sh_Standard,G_per_SoT_Standard,Dist_Standard,FK_Standard,PK_Standard,PKatt_Standard,npxG_per_Sh_Expected,G_minus_xG_Expected,np:G_minus_xG_Expected,Cmp_Total,Att_Total,Cmp_percent_Total,TotDist_Total,PrgDist_Total,Cmp_Short,Att_Short,Cmp_percent_Short,Cmp_Medium,Att_Medium,Cmp_percent_Medium,Cmp_Long,Att_Long,Cmp_percent_Long,xAG,xA,A_minus_xAG,KP,Final_Third,PPA,CrsPA,PrgP,Att,Live_Pass,Dead_Pass,FK_Pass,TB_Pass,Sw_Pass,Crs_Pass,TI_Pass,CK_Pass,In_Corner,Out_Corner,Str_Corner,Cmp_Outcomes,Off_Outcomes,Blocks_Outcomes,SCA_SCA,SCA90_SCA,PassLive_SCA,PassDead_SCA,TO_SCA,Sh_SCA,Fld_SCA,Def_SCA,GCA_GCA,GCA90_GCA,PassLive_GCA,PassDead_GCA,TO_GCA,Sh_GCA,Fld_GCA,Def_GCA,Tkl_Tackles,TklW_Tackles,Def 3rd_Tackles,Mid 3rd_Tackles,Att 3rd_Tackles,Tkl_Challenges,Att_Challenges,Tkl_percent_Challenges,Lost_Challenges,Blocks_Blocks,Sh_Blocks,Pass_Blocks,Int,Tkl+Int,Clr,Err,Touches_Touches,Def Pen_Touches,Def 3rd_Touches,Mid 3rd_Touches,Att 3rd_Touches,Att Pen_Touches,Live_Touches,Att_Take,Succ_Take,Succ_percent_Take,Tkld_Take,Tkld_percent_Take,Carries_Carries,TotDist_Carries,PrgDist_Carries,PrgC_Carries,Final_Third_Carries,CPA_Carries,Mis_Carries,Dis_Carries,Rec_Receiving,PrgR_Receiving,MP_Playing.Time,Min_Playing.Time,Mn_per_MP_Playing.Time,Min_percent_Playing.Time,Mins_Per_90_Playing.Time,Starts_Starts,Mn_per_Start_Starts,Compl_Starts,Subs_Subs,Mn_per_Sub_Subs,unSub_Subs,PPM_Team.Success,onG_Team.Success,onGA_Team.Success,plus_per__minus__Team.Success,plus_per__minus_90_Team.Success,On_minus_Off_Team.Success,onxG_Team.Success..xG.,onxGA_Team.Success..xG,xGplus_per__minus__Team.Success..xG,xGplus_per__minus_90_Team.Success..xG,On_minus_Off_Team.Success..xG,2CrdY,Fls,Fld,Off,Crs,TklW,PKwon,PKcon,OG,Recov,Won_Aerial,Lost_Aerial,Won_percent_Aerial,player_num,player_position,player_dob,player_age,player_nationality,current_club,player_height_mtrs,player_foot,date_joined,joined_from,contract_expiry,player_market_value_euro,player_url
0,282,13101,Aimar Oroz_2023_Osasuna,-0.7140061847703804,32.65,2023,Osasuna,La Liga,Aimar Oroz,ESP,"MF,FW",20,2001,31,23,2013,22.4,3,6,9,2,1,1,6,0,3.6,2.8,2.8,5.5,35.0,86.0,144.0,0.13,0.27,0.4,0.09,0.36,0.16,0.12,0.28,0.12,0.25,https://fbref.com/en/players/7c363088/Aimar-Oroz,22.4,3,22,7,31.8,0.98,0.31,0.09,0.29,17.2,2.0,1,1,0.13,-0.6,-0.8,649.0,820.0,79.1,9209.0,2193.0,400.0,462.0,86.6,194.0,239.0,81.2,32.0,49.0,65.3,2.8,2.3,3.2,33.0,48.0,20.0,0.0,86.0,820.0,778.0,37.0,9.0,4.0,4.0,7,1.0,2.0,1.0,0.0,0.0,649.0,5.0,27.0,77.0,3.44,61.0,1.0,5.0,3.0,4.0,3.0,11.0,0.49,11.0,0.0,0.0,0.0,0.0,0.0,26.0,14,8.0,10.0,8.0,8.0,30.0,26.7,22.0,24.0,1.0,23.0,24,50.0,6.0,0.0,1051.0,7.0,112.0,507.0,448.0,55.0,1050.0,62.0,31.0,50.0,22.0,35.5,652.0,3119.0,1359.0,35.0,34.0,8.0,42.0,51.0,769.0,144.0,31,2013,65,58.9,22.4,23,78.0,7,8,26.0,2,1.45,29,24,5,0.22,0.86,26.9,25.7,1.2,0.05,0.54,0,36,61,2,7,14,0.0,0.0,0,106.0,17.0,39.0,30.4,22,Attacking Midfield,11/27/2001,,Spain,,1.77,right,7/1/2022,CA Osasuna Promesas,6/30/2026,15000000.0,https://www.transfermarkt.com/aimar-oroz/profil/spieler/634131
1,498,13879,Alex Baena_2023_Villarreal,-0.8359559378519235,28.57,2023,Villarreal,La Liga,Alex Baena,ESP,"MF,FW",21,2001,35,19,1947,21.6,6,2,8,6,0,0,13,1,3.9,3.9,5.2,9.1,50.0,124.0,110.0,0.28,0.09,0.37,0.28,0.37,0.18,0.24,0.42,0.18,0.42,https://fbref.com/en/players/518f2234/Alex-Baena,21.6,6,62,22,35.5,2.87,1.02,0.1,0.27,22.6,3.0,0,0,0.06,2.1,2.1,681.0,859.0,79.3,11154.0,3034.0,340.0,380.0,89.5,257.0,301.0,85.4,59.0,100.0,59.0,5.2,3.8,-3.2,31.0,75.0,43.0,3.0,124.0,859.0,831.0,23.0,8.0,21.0,3.0,26,2.0,8.0,6.0,0.0,0.0,681.0,5.0,30.0,79.0,3.65,58.0,0.0,8.0,8.0,5.0,0.0,8.0,0.37,5.0,0.0,0.0,2.0,1.0,0.0,30.0,17,9.0,15.0,6.0,15.0,45.0,33.3,30.0,15.0,3.0,12.0,7,37.0,16.0,0.0,1103.0,28.0,152.0,512.0,454.0,66.0,1103.0,62.0,27.0,43.5,25.0,40.3,752.0,3962.0,1847.0,50.0,42.0,14.0,41.0,34.0,873.0,110.0,35,1947,56,56.9,21.6,19,81.0,9,16,26.0,0,1.71,32,23,9,0.42,-0.19,36.3,30.6,5.7,0.26,-0.09,1,58,56,3,26,17,1.0,1.0,0,100.0,1.0,26.0,3.7,16,Attacking Midfield,7/20/2001,,Spain,,1.74,right,8/1/2020,Villarreal CF B,6/30/2028,20000000.0,https://www.transfermarkt.com/alex-baena/profil/spieler/548111
2,1857,1961,Brahim Diaz_2019_Real Madrid,-2.1155058772655773,10.2,2019,Real Madrid,La Liga,Brahim DÃƒÂ­az,ESP,FW,18,1999,9,5,376,4.2,1,1,2,1,0,0,0,0,1.2,1.2,1.5,2.7,17.0,12.0,49.0,0.24,0.24,0.48,0.24,0.48,0.29,0.36,0.64,0.29,0.64,https://fbref.com/en/players/407feb71/Brahim-Diaz,4.2,1,7,5,71.4,1.68,1.2,0.14,0.2,12.5,0.0,0,0,0.17,-0.2,-0.2,142.0,170.0,83.5,1790.0,399.0,97.0,106.0,91.5,36.0,46.0,78.3,4.0,6.0,66.7,1.5,0.9,-0.5,7.0,11.0,4.0,0.0,12.0,170.0,166.0,3.0,1.0,2.0,0.0,4,2.0,0.0,0.0,0.0,0.0,142.0,1.0,3.0,21.0,5.03,11.0,0.0,7.0,0.0,3.0,0.0,3.0,0.72,1.0,0.0,2.0,0.0,0.0,0.0,9.0,7,5.0,4.0,0.0,3.0,8.0,37.5,5.0,2.0,0.0,2.0,0,9.0,0.0,0.0,233.0,0.0,21.0,104.0,109.0,35.0,233.0,34.0,17.0,50.0,17.0,50.0,173.0,1137.0,535.0,17.0,10.0,11.0,18.0,8.0,204.0,49.0,9,376,42,11.0,4.2,5,67.0,0,4,11.0,3,1.78,8,4,4,0.96,0.57,10.4,4.7,5.7,1.37,0.95,0,4,14,0,4,7,0.0,0.0,0,13.0,0.0,5.0,0.0,21,Attacking Midfield,8/3/1999,,Spain,Real Madrid,1.7,both,1/6/2019,Manchester City,6/30/2027,13500000.0,https://www.transfermarkt.com/brahim-diaz/profil/spieler/314678
3,1863,532,Brais Mendez_2019_Celta Vigo,0.8082343285525403,63.27,2019,Celta Vigo,La Liga,Brais MÃƒÂ©ndez,ESP,"MF,FW",21,1997,31,27,2349,26.1,6,7,13,5,1,1,5,0,5.5,4.7,4.1,8.7,60.0,112.0,158.0,0.23,0.27,0.5,0.19,0.46,0.21,0.16,0.36,0.18,0.33,https://fbref.com/en/players/c9e39d91/Brais-Mendez,26.1,6,70,25,35.7,2.68,0.96,0.07,0.2,20.2,2.0,1,1,0.07,0.5,0.3,919.0,1249.0,73.6,14272.0,4225.0,477.0,546.0,87.4,300.0,393.0,76.3,79.0,182.0,43.4,4.1,4.7,2.9,45.0,73.0,25.0,5.0,112.0,1249.0,1089.0,149.0,55.0,4.0,12.0,108,17.0,69.0,30.0,24.0,1.0,919.0,11.0,28.0,92.0,3.52,52.0,20.0,1.0,10.0,9.0,0.0,13.0,0.5,6.0,3.0,1.0,2.0,1.0,0.0,61.0,31,23.0,29.0,9.0,14.0,53.0,26.4,39.0,32.0,3.0,29.0,24,85.0,24.0,0.0,1596.0,36.0,214.0,775.0,623.0,70.0,1595.0,49.0,19.0,38.8,30.0,61.2,904.0,4178.0,1965.0,60.0,42.0,15.0,50.0,38.0,1082.0,158.0,31,2349,76,68.7,26.1,27,85.0,19,4,14.0,3,0.97,34,44,-10,-0.38,-0.47,28.5,42.2,-13.7,-0.53,-0.47,0,38,64,11,108,31,1.0,0.0,0,133.0,29.0,58.0,33.3,-,Attacking Midfield,1/7/1997,,Spain,Real Sociedad,1.84,left,7/1/2018,Celta Vigo B,6/30/2028,12000000.0,https://www.transfermarkt.com/brais-mendez/profil/spieler/309110
4,1864,3233,Brais Mendez_2020_Celta Vigo,1.6624398982177726,79.59,2020,Celta Vigo,La Liga,Brais MÃƒÂ©ndez,ESP,"MF,FW",22,1997,31,15,1477,16.4,0,2,2,0,0,0,4,0,2.1,2.1,1.0,3.1,35.0,69.0,113.0,0.0,0.12,0.12,0.0,0.12,0.13,0.06,0.19,0.13,0.19,https://fbref.com/en/players/c9e39d91/Brais-Mendez,16.4,0,25,8,32.0,1.52,0.49,0.0,0.0,22.7,0.0,0,0,0.08,-2.1,-2.1,510.0,697.0,73.2,7447.0,2406.0,295.0,350.0,84.3,147.0,195.0,75.4,38.0,83.0,45.8,1.0,1.6,1.0,17.0,57.0,17.0,3.0,69.0,697.0,649.0,44.0,14.0,3.0,12.0,43,10.0,20.0,6.0,8.0,0.0,510.0,4.0,20.0,41.0,2.5,29.0,5.0,4.0,0.0,3.0,0.0,4.0,0.24,3.0,1.0,0.0,0.0,0.0,0.0,26.0,11,14.0,9.0,3.0,12.0,39.0,30.8,27.0,20.0,0.0,20.0,12,38.0,23.0,1.0,907.0,27.0,152.0,435.0,330.0,38.0,907.0,41.0,22.0,53.7,19.0,46.3,549.0,2522.0,1233.0,35.0,22.0,10.0,42.0,20.0,633.0,113.0,31,1477,48,43.2,16.4,15,72.0,4,16,25.0,5,0.97,18,25,-7,-0.43,-0.19,15.4,20.1,-4.7,-0.29,-0.22,0,28,36,5,43,11,0.0,0.0,0,76.0,32.0,46.0,41.0,-,Attacking Midfield,1/7/1997,,Spain,Real Sociedad,1.84,left,7/1/2018,Celta Vigo B,6/30/2028,14000000.0,https://www.transfermarkt.com/brais-mendez/profil/spieler/309110
5,1865,5933,Brais Mendez_2021_Celta Vigo,1.4598300512449207,75.51,2021,Celta Vigo,La Liga,Brais MÃƒÂ©ndez,ESP,"MF,FW",23,1997,34,30,2671,29.7,9,0,9,8,1,1,8,0,8.2,7.4,2.3,9.8,37.0,118.0,144.0,0.3,0.0,0.3,0.27,0.27,0.28,0.08,0.36,0.25,0.33,https://fbref.com/en/players/c9e39d91/Brais-Mendez,29.7,9,49,21,42.9,1.65,0.71,0.16,0.38,16.1,1.0,1,1,0.15,0.8,0.6,919.0,1193.0,77.0,13048.0,3749.0,551.0,652.0,84.5,250.0,323.0,77.4,59.0,94.0,62.8,2.3,3.0,-2.3,18.0,80.0,28.0,3.0,118.0,1193.0,1152.0,39.0,16.0,6.0,13.0,33,13.0,7.0,3.0,3.0,0.0,919.0,2.0,31.0,61.0,2.06,46.0,2.0,3.0,4.0,6.0,0.0,13.0,0.44,7.0,0.0,1.0,3.0,2.0,0.0,59.0,31,23.0,27.0,9.0,16.0,65.0,24.6,49.0,27.0,2.0,25.0,32,91.0,34.0,0.0,1561.0,35.0,259.0,795.0,520.0,70.0,1560.0,41.0,12.0,29.3,29.0,70.7,961.0,3707.0,1569.0,37.0,34.0,11.0,77.0,44.0,1125.0,144.0,34,2671,79,78.1,29.7,30,86.0,20,4,25.0,3,1.56,49,41,8,0.27,1.47,42.4,39.6,2.8,0.09,0.5,0,77,62,5,33,31,2.0,0.0,0,162.0,32.0,63.0,33.7,-,Attacking Midfield,1/7/1997,,Spain,Real Sociedad,1.84,left,7/1/2018,Celta Vigo B,6/30/2028,18000000.0,https://www.transfermarkt.com/brais-mendez/profil/spieler/309110
6,1866,8818,Brais Mendez_2022_Celta Vigo,0.3578732902646924,59.18,2022,Celta Vigo,La Liga,Brais MÃƒÂ©ndez,ESP,MF,24,1997,37,36,3021,33.6,4,5,9,4,0,0,8,0,4.6,4.6,3.3,7.9,57.0,195.0,161.0,0.12,0.15,0.27,0.12,0.27,0.14,0.1,0.24,0.14,0.24,https://fbref.com/en/players/c9e39d91/Brais-Mendez,33.6,4,56,16,28.6,1.67,0.48,0.07,0.25,19.3,3.0,0,0,0.08,-0.6,-0.6,1195.0,1528.0,78.2,18075.0,4927.0,664.0,767.0,86.6,351.0,428.0,82.0,98.0,154.0,63.6,3.3,3.9,1.7,35.0,133.0,42.0,6.0,195.0,1528.0,1480.0,39.0,19.0,13.0,21.0,41,17.0,2.0,0.0,2.0,0.0,1195.0,9.0,37.0,78.0,2.32,62.0,2.0,3.0,7.0,3.0,1.0,10.0,0.3,9.0,0.0,1.0,0.0,0.0,0.0,68.0,35,24.0,35.0,9.0,26.0,87.0,29.9,61.0,52.0,6.0,46.0,37,105.0,30.0,0.0,1991.0,47.0,266.0,1072.0,669.0,78.0,1991.0,70.0,34.0,48.6,36.0,51.4,1124.0,5151.0,2317.0,57.0,68.0,13.0,78.0,49.0,1405.0,161.0,37,3021,82,88.3,33.6,36,83.0,20,1,45.0,0,1.22,38,33,5,0.15,1.28,36.9,37.2,-0.3,-0.01,0.49,0,75,54,9,41,35,0.0,0.0,0,199.0,45.0,50.0,47.4,,Attacking Midfield,,,,,,,,,,25000000.0,
7,1867,13226,Brais Mendez_2023_Real Sociedad,0.09308991092022274,55.1,2023,Real Sociedad,La Liga,Brais MÃƒÂ©ndez,ESP,MF,25,1997,34,28,2407,26.7,8,4,12,8,0,0,6,0,5.6,5.6,3.8,9.3,41.0,137.0,138.0,0.3,0.15,0.45,0.3,0.45,0.21,0.14,0.35,0.21,0.35,https://fbref.com/en/players/c9e39d91/Brais-Mendez,26.7,8,60,21,35.0,2.24,0.79,0.13,0.38,21.4,9.0,0,0,0.09,2.4,2.4,1010.0,1312.0,77.0,16082.0,4201.0,546.0,618.0,88.3,303.0,383.0,79.1,110.0,206.0,53.4,3.8,4.8,0.2,48.0,92.0,29.0,3.0,137.0,1312.0,1138.0,169.0,53.0,7.0,15.0,125,6.0,103.0,32.0,49.0,0.0,1010.0,5.0,25.0,98.0,3.67,54.0,30.0,6.0,3.0,5.0,0.0,11.0,0.41,6.0,2.0,1.0,2.0,0.0,0.0,58.0,34,18.0,30.0,10.0,24.0,64.0,37.5,40.0,27.0,3.0,24.0,12,70.0,14.0,1.0,1608.0,25.0,170.0,776.0,675.0,60.0,1608.0,53.0,15.0,28.3,34.0,64.2,886.0,3755.0,1653.0,41.0,44.0,5.0,49.0,29.0,1093.0,138.0,34,2407,71,70.4,26.7,28,78.0,12,6,36.0,1,1.79,40,25,15,0.56,0.47,36.3,21.7,14.6,0.54,0.12,0,60,54,2,125,34,0.0,0.0,0,127.0,25.0,29.0,46.3,23,Attacking Midfield,1/7/1997,,Spain,,1.84,left,7/6/2022,Celta de Vigo,6/30/2028,25000000.0,https://www.transfermarkt.com/brais-mendez/profil/spieler/309110
8,2653,9857,Dani Rodriguez_2022_Mallorca,1.196686682382135,73.47,2022,Mallorca,La Liga,Dani RodrÃƒÂ­guez,ESP,"MF,FW",33,1988,36,33,2832,31.5,3,3,6,3,0,0,7,0,3.2,3.2,2.8,6.0,65.0,94.0,130.0,0.1,0.1,0.19,0.1,0.19,0.1,0.09,0.19,0.1,0.19,https://fbref.com/en/players/70f8e0bd/Dani-Rodriguez,31.5,3,42,10,23.8,1.33,0.32,0.07,0.3,19.8,3.0,0,0,0.08,-0.2,-0.2,716.0,951.0,75.3,10319.0,3155.0,415.0,482.0,86.1,197.0,259.0,76.1,52.0,94.0,55.3,2.8,2.9,0.2,43.0,59.0,27.0,2.0,94.0,951.0,884.0,65.0,23.0,11.0,8.0,55,8.0,26.0,12.0,3.0,0.0,716.0,2.0,31.0,92.0,2.92,58.0,12.0,4.0,7.0,8.0,3.0,6.0,0.19,4.0,1.0,0.0,1.0,0.0,0.0,53.0,31,20.0,24.0,9.0,15.0,46.0,32.6,31.0,28.0,3.0,25.0,20,73.0,27.0,0.0,1351.0,32.0,192.0,646.0,546.0,86.0,1351.0,100.0,60.0,60.0,40.0,40.0,800.0,4998.0,2043.0,65.0,58.0,15.0,88.0,81.0,877.0,130.0,36,2832,79,82.8,31.5,33,84.0,20,3,23.0,1,1.08,29,43,-14,-0.44,1.54,30.0,38.2,-8.2,-0.26,0.09,0,65,69,3,55,31,0.0,0.0,0,175.0,39.0,59.0,39.8,14,Attacking Midfield,6/6/1988,,Spain,RCD Mallorca,1.78,right,7/1/2018,Albacete BalompiÃƒÂ©,6/30/2024,1200000.0,https://www.transfermarkt.com/dani-rodriguez/profil/spieler/139435
9,2654,12727,Dani Rodriguez_2023_Mallorca,-0.04706938462696304,53.059999999999995,2023,Mallorca,La Liga,Dani RodrÃƒÂ­guez,ESP,MF,34,1988,35,26,2100,23.3,3,6,9,3,0,0,8,0,2.4,2.4,3.2,5.6,43.0,76.0,64.0,0.13,0.26,0.39,0.13,0.39,0.1,0.14,0.24,0.1,0.24,https://fbref.com/en/players/70f8e0bd/Dani-Rodriguez,23.3,3,25,10,40.0,1.07,0.43,0.12,0.3,17.9,0.0,0,0,0.1,0.6,0.6,537.0,685.0,78.4,8403.0,2192.0,310.0,348.0,89.1,153.0,191.0,80.1,48.0,77.0,62.3,3.2,2.4,2.8,26.0,50.0,19.0,2.0,76.0,685.0,647.0,32.0,9.0,5.0,14.0,32,1.0,7.0,2.0,2.0,0.0,537.0,6.0,31.0,54.0,2.31,39.0,4.0,4.0,3.0,3.0,1.0,10.0,0.43,8.0,1.0,0.0,0.0,0.0,1.0,42.0,23,18.0,22.0,2.0,21.0,46.0,45.7,25.0,31.0,8.0,23.0,21,63.0,14.0,0.0,950.0,27.0,186.0,481.0,299.0,42.0,950.0,55.0,28.0,50.9,24.0,43.6,559.0,3428.0,1525.0,43.0,29.0,8.0,47.0,37.0,604.0,64.0,35,2100,60,61.4,23.3,26,73.0,3,9,24.0,0,1.23,23,26,-3,-0.13,0.08,19.5,31.6,-12.1,-0.52,-0.58,0,49,33,4,32,23,0.0,0.0,0,133.0,11.0,37.0,22.9,14,Attacking Midfield,6/6/1988,,Spain,,1.78,right,7/1/2018,Albacete BalompiÃƒÂ©,6/30/2024,1200000.0,https://www.transfermarkt.com/dani-rodriguez/profil/spieler/139435
10,2926,7467,David Silva_2021_Real Sociedad,-3.6024983955674323,0.0,2021,Real Sociedad,La Liga,David Silva,ESP,MF,34,1986,21,17,1399,15.5,2,5,7,2,0,0,4,0,2.4,2.4,3.3,5.7,52.0,141.0,76.0,0.13,0.32,0.45,0.13,0.45,0.16,0.21,0.37,0.16,0.37,https://fbref.com/en/players/e2716bd0/David-Silva,15.5,2,20,3,15.0,1.29,0.19,0.1,0.67,14.3,2.0,0,0,0.12,-0.4,-0.4,720.0,866.0,83.1,11406.0,2961.0,385.0,433.0,88.9,234.0,276.0,84.8,72.0,87.0,82.8,3.3,3.5,1.7,28.0,79.0,46.0,1.0,141.0,866.0,820.0,35.0,24.0,7.0,3.0,18,3.0,6.0,5.0,1.0,0.0,720.0,11.0,16.0,70.0,4.51,52.0,7.0,4.0,3.0,3.0,1.0,13.0,0.84,11.0,1.0,1.0,0.0,0.0,0.0,19.0,12,2.0,14.0,3.0,8.0,21.0,38.1,13.0,14.0,1.0,13.0,13,32.0,8.0,2.0,1009.0,10.0,77.0,546.0,401.0,53.0,1009.0,47.0,31.0,66.0,16.0,34.0,614.0,3802.0,1780.0,52.0,45.0,12.0,17.0,16.0,761.0,76.0,21,1399,67,40.9,15.5,17,76.0,3,4,26.0,1,2.14,30,6,24,1.54,1.68,30.1,10.4,19.7,1.27,1.19,0,24,21,1,18,12,0.0,1.0,0,96.0,11.0,26.0,29.7,21,Attacking Midfield,1/8/1986,,Spain,Real Sociedad,1.7,left,8/17/2020,Manchester City,6/30/2024,4000000.0,https://www.transfermarkt.com/david-silva/profil/spieler/35518
11,2927,10378,David Silva_2022_Real Sociedad,-3.334312853311616,2.04,2022,Real Sociedad,La Liga,David Silva,ESP,MF,35,1986,25,22,1720,19.1,2,4,6,2,0,0,4,1,3.1,3.1,4.5,7.5,65.0,147.0,105.0,0.1,0.21,0.31,0.1,0.31,0.16,0.24,0.39,0.16,0.39,https://fbref.com/en/players/e2716bd0/David-Silva,19.1,2,21,6,28.6,1.1,0.31,0.1,0.33,16.4,0.0,0,0,0.15,-1.1,-1.1,912.0,1054.0,86.5,13951.0,3364.0,499.0,544.0,91.7,313.0,345.0,90.7,61.0,83.0,73.5,4.5,5.1,-0.5,39.0,81.0,40.0,4.0,147.0,1054.0,1015.0,34.0,16.0,3.0,4.0,30,3.0,15.0,7.0,4.0,0.0,912.0,5.0,22.0,98.0,5.13,77.0,8.0,7.0,1.0,4.0,1.0,15.0,0.78,11.0,1.0,0.0,0.0,3.0,0.0,28.0,17,10.0,11.0,7.0,3.0,20.0,15.0,17.0,13.0,3.0,10.0,7,35.0,12.0,0.0,1210.0,25.0,133.0,605.0,480.0,71.0,1210.0,44.0,29.0,65.9,15.0,34.1,762.0,4203.0,1797.0,65.0,55.0,17.0,37.0,28.0,952.0,105.0,25,1720,69,50.3,19.1,22,75.0,5,3,23.0,1,1.76,24,11,13,0.68,1.21,27.6,18.2,9.4,0.49,0.31,0,23,25,3,30,17,2.0,1.0,0,91.0,15.0,11.0,57.7,21,Attacking Midfield,1/8/1986,,Spain,Real Sociedad,1.7,left,8/17/2020,Manchester City,6/30/2024,4000000.0,https://www.transfermarkt.com/david-silva/profil/spieler/35518
12,2928,13236,David Silva_2023_Real Sociedad,-1.8915326624468014,14.29,2023,Real Sociedad,La Liga,David Silva,ESP,MF,36,1986,28,25,1937,21.5,2,5,7,2,0,0,3,0,3.9,3.9,3.6,7.5,70.0,162.0,121.0,0.09,0.23,0.33,0.09,0.33,0.18,0.17,0.35,0.18,0.35,https://fbref.com/en/players/e2716bd0/David-Silva,21.5,2,30,13,43.3,1.39,0.6,0.07,0.15,15.4,1.0,0,0,0.13,-1.9,-1.9,983.0,1165.0,84.4,15023.0,3274.0,514.0,573.0,89.7,352.0,411.0,85.6,68.0,93.0,73.1,3.6,3.0,1.4,35.0,93.0,37.0,2.0,162.0,1165.0,1120.0,37.0,16.0,9.0,5.0,20,6.0,3.0,1.0,2.0,0.0,983.0,8.0,17.0,77.0,3.58,67.0,0.0,3.0,4.0,1.0,2.0,14.0,0.65,13.0,0.0,0.0,0.0,0.0,1.0,36.0,21,11.0,18.0,7.0,11.0,19.0,57.9,8.0,17.0,2.0,15.0,15,51.0,16.0,0.0,1378.0,24.0,136.0,700.0,560.0,78.0,1378.0,47.0,19.0,40.4,19.0,40.4,881.0,4932.0,2318.0,70.0,68.0,19.0,37.0,24.0,1045.0,121.0,28,1937,69,56.6,21.5,25,73.0,1,3,35.0,1,2.11,37,21,16,0.74,0.74,31.4,17.4,14.0,0.65,0.32,0,30,33,3,20,21,0.0,0.0,0,137.0,10.0,12.0,45.5,21,Attacking Midfield,1/8/1986,,Spain,,1.7,left,8/17/2020,Manchester City,6/30/2024,4000000.0,https://www.transfermarkt.com/david-silva/profil/spieler/35518
13,3062,3242,Denis Suarez_2020_Celta Vigo,-0.0803795340314513,51.019999999999996,2020,Celta Vigo,La Liga,Denis SuÃƒÂ¡rez,ESP,"MF,FW",25,1994,26,20,1630,18.1,1,5,6,1,0,1,2,0,2.0,1.2,5.0,6.2,93.0,117.0,115.0,0.06,0.28,0.33,0.06,0.33,0.11,0.27,0.38,0.07,0.34,https://fbref.com/en/players/12c50af5/Denis-Suarez,18.1,1,18,8,44.4,0.99,0.44,0.06,0.13,19.2,1.0,0,1,0.07,-1.0,-0.2,658.0,875.0,75.2,10210.0,3427.0,369.0,422.0,87.4,200.0,255.0,78.4,60.0,115.0,52.2,5.0,4.5,0.0,42.0,60.0,37.0,11.0,117.0,875.0,768.0,102.0,30.0,5.0,6.0,92,15.0,57.0,25.0,26.0,0.0,658.0,5.0,20.0,64.0,3.54,41.0,14.0,3.0,3.0,2.0,1.0,8.0,0.44,8.0,0.0,0.0,0.0,0.0,0.0,22.0,15,14.0,7.0,1.0,10.0,37.0,27.0,27.0,9.0,1.0,8.0,14,36.0,12.0,1.0,1097.0,19.0,154.0,516.0,446.0,45.0,1096.0,105.0,60.0,57.1,45.0,42.9,733.0,5584.0,2978.0,93.0,62.0,19.0,38.0,44.0,804.0,115.0,26,1630,63,47.7,18.1,20,77.0,7,6,17.0,3,1.04,18,21,-3,-0.17,0.29,20.9,20.6,0.3,0.02,0.34,0,21,32,0,92,15,1.0,0.0,0,85.0,5.0,16.0,23.8,-,Attacking Midfield,1/6/1994,,Spain,Villarreal CF,1.76,right,7/1/2019,FC Barcelona,6/30/2026,12000000.0,https://www.transfermarkt.com/denis-suarez/profil/spieler/165007
14,3063,5942,Denis Suarez_2021_Celta Vigo,-0.8486623529602274,26.529999999999998,2021,Celta Vigo,La Liga,Denis SuÃƒÂ¡rez,ESP,MF,26,1994,35,34,2852,31.7,0,9,9,0,0,0,10,0,1.1,1.1,5.9,7.0,82.0,204.0,87.0,0.0,0.28,0.28,0.0,0.28,0.03,0.19,0.22,0.03,0.22,https://fbref.com/en/players/12c50af5/Denis-Suarez,31.7,0,16,3,18.8,0.5,0.09,0.0,0.0,23.1,1.0,0,0,0.07,-1.1,-1.1,1650.0,2037.0,81.0,25777.0,7577.0,848.0,952.0,89.1,575.0,680.0,84.6,135.0,239.0,56.5,5.9,5.4,3.1,46.0,174.0,31.0,5.0,204.0,2037.0,1825.0,207.0,83.0,7.0,22.0,119,11.0,70.0,23.0,40.0,1.0,1650.0,5.0,39.0,89.0,2.81,56.0,23.0,3.0,2.0,4.0,1.0,15.0,0.47,10.0,4.0,0.0,0.0,0.0,1.0,64.0,32,22.0,30.0,12.0,21.0,94.0,22.3,73.0,30.0,2.0,28.0,22,86.0,15.0,2.0,2317.0,34.0,337.0,1410.0,592.0,16.0,2317.0,58.0,36.0,62.1,22.0,37.9,1410.0,7856.0,3874.0,82.0,80.0,4.0,56.0,25.0,1674.0,87.0,35,2852,81,83.4,31.7,34,83.0,22,1,28.0,1,1.43,50,51,-1,-0.03,0.13,41.6,44.4,-2.8,-0.09,-0.43,0,45,40,1,119,32,0.0,0.0,0,175.0,13.0,12.0,52.0,-,Attacking Midfield,1/6/1994,,Spain,Villarreal CF,1.76,right,7/1/2019,FC Barcelona,6/30/2026,10000000.0,https://www.transfermarkt.com/denis-suarez/profil/spieler/165007
15,3064,8825,Denis Suarez_2022_Celta Vigo,-0.17504796551018537,48.980000000000004,2022,Celta Vigo,La Liga,Denis SuÃƒÂ¡rez,ESP,MF,27,1994,38,33,2819,31.3,4,6,10,4,0,0,4,0,2.2,2.2,4.4,6.6,100.0,216.0,78.0,0.13,0.19,0.32,0.13,0.32,0.07,0.14,0.21,0.07,0.21,https://fbref.com/en/players/12c50af5/Denis-Suarez,31.3,4,22,8,36.4,0.7,0.26,0.18,0.5,23.4,1.0,0,0,0.1,1.8,1.8,1639.0,2054.0,79.8,26020.0,7452.0,849.0,959.0,88.5,575.0,696.0,82.6,136.0,247.0,55.1,4.4,4.6,1.6,46.0,174.0,36.0,7.0,216.0,2054.0,1827.0,221.0,71.0,19.0,21.0,129,12.0,85.0,40.0,33.0,0.0,1639.0,6.0,43.0,100.0,3.19,67.0,20.0,6.0,4.0,2.0,1.0,12.0,0.38,8.0,2.0,0.0,1.0,0.0,1.0,61.0,29,20.0,33.0,8.0,25.0,82.0,30.5,57.0,32.0,4.0,28.0,16,77.0,11.0,0.0,2346.0,26.0,303.0,1423.0,647.0,37.0,2346.0,82.0,42.0,51.2,40.0,48.8,1342.0,8735.0,4970.0,100.0,100.0,7.0,57.0,17.0,1656.0,78.0,38,2819,74,82.4,31.3,33,79.0,13,5,40.0,0,1.21,39,38,1,0.03,0.18,34.6,40.6,-6.0,-0.19,-0.7,0,47,39,1,129,29,0.0,1.0,0,186.0,13.0,21.0,38.2,,Attacking Midfield,,,,,,,,,,5000000.0,
16,3685,1345,Enis Bardhi_2019_Levante,0.8900168496677064,69.39,2019,Levante,La Liga,Enis Bardhi,MKD,MF,23,1995,36,31,2836,31.5,3,4,7,3,0,0,6,0,3.6,3.6,3.8,7.4,68.0,150.0,128.0,0.1,0.13,0.22,0.1,0.22,0.12,0.12,0.24,0.12,0.24,https://fbref.com/en/players/cac2537b/Enis-Bardhi,31.5,3,66,18,27.3,2.09,0.57,0.05,0.17,24.5,21.0,0,0,0.06,-0.6,-0.6,864.0,1188.0,72.7,13783.0,4114.0,432.0,528.0,81.8,291.0,364.0,79.9,83.0,171.0,48.5,3.8,2.7,0.2,29.0,94.0,26.0,6.0,150.0,1188.0,1084.0,98.0,39.0,3.0,15.0,72,7.0,33.0,13.0,15.0,0.0,864.0,6.0,40.0,84.0,2.67,63.0,6.0,6.0,4.0,4.0,1.0,9.0,0.29,7.0,1.0,1.0,0.0,0.0,0.0,70.0,43,30.0,34.0,6.0,28.0,87.0,32.2,59.0,35.0,3.0,32.0,31,101.0,36.0,1.0,1564.0,57.0,307.0,745.0,545.0,40.0,1564.0,72.0,43.0,59.7,29.0,40.3,838.0,4858.0,2567.0,68.0,62.0,8.0,69.0,56.0,995.0,128.0,36,2836,79,82.9,31.5,31,86.0,23,5,32.0,0,1.14,51,51,0,0.0,1.08,47.4,61.4,-14.0,-0.44,0.83,0,61,47,5,72,43,1.0,1.0,0,198.0,10.0,27.0,27.0,-,Attacking Midfield,7/2/1995,,North Macedonia,Trabzonspor,1.72,right,7/17/2017,ÃƒÅ¡jpest FC,6/30/2025,12000000.0,https://www.transfermarkt.com/enis-bardhi/profil/spieler/245014
17,3686,3930,Enis Bardhi_2020_Levante,0.8859248733309576,67.35,2020,Levante,La Liga,Enis Bardhi,MKD,MF,24,1995,30,23,2114,23.5,7,2,9,7,0,0,5,0,5.1,5.1,3.5,8.7,58.0,111.0,117.0,0.3,0.09,0.38,0.3,0.38,0.22,0.15,0.37,0.22,0.37,https://fbref.com/en/players/cac2537b/Enis-Bardhi,23.5,7,58,19,32.8,2.47,0.81,0.12,0.37,21.4,11.0,0,0,0.09,1.9,1.9,627.0,865.0,72.5,9544.0,2988.0,370.0,437.0,84.7,163.0,230.0,70.9,54.0,106.0,50.9,3.5,1.7,-1.5,32.0,63.0,24.0,6.0,111.0,865.0,792.0,70.0,18.0,2.0,12.0,65,9.0,35.0,20.0,4.0,0.0,627.0,3.0,31.0,78.0,3.32,46.0,10.0,11.0,8.0,3.0,0.0,8.0,0.34,3.0,0.0,2.0,2.0,1.0,0.0,24.0,11,7.0,15.0,2.0,8.0,35.0,22.9,27.0,15.0,4.0,11.0,15,39.0,19.0,0.0,1124.0,26.0,217.0,495.0,424.0,48.0,1124.0,57.0,37.0,64.9,20.0,35.1,681.0,3626.0,1851.0,58.0,33.0,15.0,48.0,26.0,787.0,117.0,30,2114,70,61.8,23.5,23,85.0,16,7,23.0,2,1.33,35,34,1,0.04,0.52,31.1,36.9,-5.8,-0.25,0.37,0,46,45,4,65,11,1.0,0.0,0,118.0,5.0,27.0,15.6,-,Attacking Midfield,7/2/1995,,North Macedonia,Trabzonspor,1.72,right,7/17/2017,ÃƒÅ¡jpest FC,6/30/2025,15000000.0,https://www.transfermarkt.com/enis-bardhi/profil/spieler/245014
18,3687,6729,Enis Bardhi_2021_Levante,0.931492642352107,71.43,2021,Levante,La Liga,Enis Bardhi,MKD,MF,25,1995,26,19,1682,18.7,1,2,3,1,0,0,4,0,2.7,2.7,1.1,3.9,44.0,117.0,117.0,0.05,0.11,0.16,0.05,0.16,0.15,0.06,0.21,0.15,0.21,https://fbref.com/en/players/cac2537b/Enis-Bardhi,18.7,1,36,13,36.1,1.93,0.7,0.03,0.08,20.9,5.0,0,0,0.08,-1.7,-1.7,656.0,888.0,73.9,11539.0,3260.0,303.0,342.0,88.6,236.0,306.0,77.1,83.0,155.0,53.5,1.1,1.5,0.9,21.0,63.0,27.0,10.0,117.0,888.0,787.0,89.0,31.0,2.0,13.0,65,10.0,47.0,14.0,10.0,0.0,656.0,12.0,25.0,55.0,2.94,43.0,6.0,3.0,2.0,1.0,0.0,5.0,0.27,4.0,1.0,0.0,0.0,0.0,0.0,28.0,12,8.0,16.0,4.0,10.0,36.0,27.8,26.0,8.0,2.0,6.0,21,49.0,14.0,0.0,1098.0,26.0,206.0,504.0,405.0,35.0,1098.0,57.0,35.0,61.4,22.0,38.6,703.0,3605.0,1903.0,44.0,41.0,5.0,42.0,36.0,772.0,117.0,26,1682,65,49.2,18.7,19,80.0,9,7,23.0,2,0.92,16,29,-13,-0.7,-0.8,17.9,28.4,-10.5,-0.56,-0.43,0,27,24,4,65,12,0.0,0.0,0,120.0,5.0,19.0,20.8,-,Attacking Midfield,7/2/1995,,North Macedonia,Trabzonspor,1.72,right,7/17/2017,ÃƒÅ¡jpest FC,6/30/2025,8000000.0,https://www.transfermarkt.com/enis-bardhi/profil/spieler/245014
19,3688,9606,Enis Bardhi_2022_Levante,1.9890224934782377,85.71,2022,Levante,La Liga,Enis Bardhi,MKD,"MF,FW",26,1995,30,17,1701,18.9,3,3,6,1,2,2,3,0,3.9,2.2,3.0,5.3,41.0,103.0,105.0,0.16,0.16,0.32,0.05,0.21,0.2,0.16,0.37,0.12,0.28,https://fbref.com/en/players/cac2537b/Enis-Bardhi,18.9,3,41,8,19.5,2.17,0.42,0.02,0.13,24.3,9.0,2,2,0.05,-0.9,-1.2,529.0,749.0,70.6,8708.0,2774.0,278.0,330.0,84.2,153.0,220.0,69.5,66.0,130.0,50.8,3.0,3.0,0.0,42.0,54.0,17.0,1.0,103.0,749.0,639.0,103.0,32.0,9.0,15.0,87,15.0,52.0,17.0,21.0,0.0,529.0,7.0,19.0,83.0,4.39,44.0,23.0,3.0,8.0,5.0,0.0,5.0,0.26,2.0,2.0,1.0,0.0,0.0,0.0,29.0,12,12.0,14.0,3.0,12.0,35.0,34.3,23.0,13.0,2.0,11.0,10,39.0,7.0,0.0,995.0,12.0,124.0,425.0,461.0,41.0,993.0,74.0,38.0,51.4,36.0,48.6,597.0,2971.0,1436.0,41.0,31.0,12.0,52.0,32.0,669.0,105.0,30,1701,57,49.7,18.9,17,78.0,6,13,29.0,2,0.87,27,44,-17,-0.9,-0.48,26.6,28.5,-1.9,-0.1,-0.21,0,33,44,4,87,12,0.0,1.0,0,95.0,6.0,8.0,42.9,,Attacking Midfield,,,,,,,,,,8000000.0,
20,3991,3638,Fede Vico_2020_Granada,1.492421515903695,77.55,2020,Granada,La Liga,Fede Vico,ESP,"MF,FW",25,1994,18,11,876,9.7,2,1,3,1,1,1,1,0,1.7,0.9,1.7,2.7,20.0,28.0,34.0,0.21,0.1,0.31,0.1,0.21,0.18,0.18,0.35,0.1,0.27,https://fbref.com/en/players/f681a8ef/Fede-Vico,9.7,2,17,2,11.8,1.75,0.21,0.06,0.5,24.8,3.0,1,1,0.06,0.3,0.1,236.0,341.0,69.2,3675.0,1051.0,130.0,155.0,83.9,64.0,96.0,66.7,26.0,54.0,48.1,1.7,1.6,-0.7,19.0,25.0,8.0,4.0,28.0,341.0,299.0,39.0,17.0,1.0,1.0,34,1.0,21.0,9.0,5.0,0.0,236.0,3.0,9.0,36.0,3.7,20.0,9.0,2.0,1.0,4.0,0.0,3.0,0.31,3.0,0.0,0.0,0.0,0.0,0.0,5.0,1,2.0,3.0,0.0,2.0,11.0,18.2,9.0,12.0,1.0,11.0,5,10.0,2.0,0.0,434.0,4.0,40.0,198.0,204.0,17.0,433.0,23.0,13.0,56.5,10.0,43.5,281.0,1727.0,731.0,20.0,23.0,6.0,19.0,14.0,296.0,34.0,18,876,49,25.6,9.7,11,65.0,1,7,23.0,3,1.5,14,14,0,0.0,-0.25,11.7,10.0,1.6,0.17,0.14,0,8,16,1,34,1,0.0,0.0,0,49.0,8.0,11.0,42.1,-,Attacking Midfield,7/4/1994,,Spain,Without Club,1.79,left,7/1/2019,CD LeganÃƒÂ©s,,1200000.0,https://www.transfermarkt.com/fede-vico/profil/spieler/162079
21,3992,6417,Fede Vico_2021_Granada,3.9782855645650623,97.96000000000001,2021,Granada,La Liga,Fede Vico,ESP,"MF,FW",26,1994,20,9,767,8.5,0,0,0,0,0,0,1,0,0.7,0.7,1.0,1.8,28.0,29.0,46.0,0.0,0.0,0.0,0.0,0.0,0.09,0.12,0.21,0.09,0.21,https://fbref.com/en/players/f681a8ef/Fede-Vico,8.5,0,10,4,40.0,1.17,0.47,0.0,0.0,20.8,2.0,0,0,0.07,-0.7,-0.7,213.0,323.0,65.9,3093.0,916.0,128.0,159.0,80.5,54.0,82.0,65.9,18.0,59.0,30.5,1.0,1.0,-1.0,8.0,22.0,8.0,2.0,29.0,323.0,289.0,33.0,14.0,0.0,1.0,39,3.0,13.0,8.0,4.0,0.0,213.0,1.0,5.0,17.0,1.99,10.0,3.0,3.0,1.0,0.0,0.0,0.0,0.0,0.0,0.0,0.0,0.0,0.0,0.0,10.0,6,5.0,5.0,0.0,3.0,10.0,30.0,7.0,15.0,1.0,14.0,12,22.0,5.0,0.0,419.0,6.0,69.0,196.0,161.0,13.0,419.0,21.0,12.0,57.1,9.0,42.9,237.0,1569.0,783.0,28.0,17.0,8.0,21.0,18.0,265.0,46.0,20,767,38,22.4,8.5,9,56.0,0,11,24.0,11,1.05,8,17,-9,-1.06,-0.75,7.9,11.8,-3.9,-0.46,-0.08,0,3,15,2,39,6,0.0,0.0,0,43.0,4.0,8.0,33.3,,Attacking Midfield,,,,,,,,,,1200000.0,
22,4403,2258,Franco Vazquez_2019_Sevilla,-0.4650971984610423,40.82,2019,Sevilla,La Liga,Franco VÃƒÂ¡zquez,ARG,MF,29,1989,34,26,2280,25.3,3,4,7,3,0,0,8,1,4.1,4.1,3.9,8.1,79.0,171.0,99.0,0.12,0.16,0.28,0.12,0.28,0.16,0.15,0.32,0.16,0.32,https://fbref.com/en/players/467bae22/Franco-Vazquez,25.3,3,45,8,17.8,1.78,0.32,0.07,0.38,18.1,0.0,0,0,0.09,-1.1,-1.1,870.0,1120.0,77.7,14100.0,4018.0,450.0,524.0,85.9,310.0,378.0,82.0,78.0,120.0,65.0,3.9,3.6,0.1,29.0,90.0,26.0,6.0,171.0,1120.0,1072.0,37.0,18.0,9.0,10.0,25,16.0,1.0,0.0,0.0,0.0,870.0,11.0,37.0,72.0,2.84,57.0,1.0,3.0,2.0,7.0,2.0,9.0,0.36,9.0,0.0,0.0,0.0,0.0,0.0,51.0,37,21.0,21.0,9.0,23.0,66.0,34.8,43.0,25.0,2.0,23.0,23,74.0,27.0,1.0,1443.0,31.0,230.0,773.0,465.0,56.0,1443.0,75.0,44.0,58.7,31.0,41.3,861.0,5303.0,2596.0,79.0,60.0,13.0,55.0,62.0,1025.0,99.0,34,2280,67,66.7,25.3,26,78.0,13,8,31.0,1,1.53,42,28,14,0.55,0.47,45.3,30.5,14.9,0.59,0.08,0,52,71,4,25,37,0.0,1.0,0,153.0,60.0,54.0,52.6,-,Attacking Midfield,2/22/1989,,Argentina,Without Club,1.87,left,7/16/2016,US Palermo,,9500000.0,https://www.transfermarkt.com/franco-vazquez/profil/spieler/76163
23,4404,4959,Franco Vazquez_2020_Sevilla,-0.8305258587824764,30.61,2020,Sevilla,La Liga,Franco VÃƒÂ¡zquez,ARG,"MF,FW",30,1989,31,11,1098,12.2,3,0,3,3,0,0,5,0,1.6,1.6,0.5,2.0,13.0,88.0,73.0,0.25,0.0,0.25,0.25,0.25,0.13,0.04,0.17,0.13,0.17,https://fbref.com/en/players/467bae22/Franco-Vazquez,12.2,3,16,6,37.5,1.31,0.49,0.19,0.5,13.0,0.0,0,0,0.1,1.4,1.4,541.0,641.0,84.4,8289.0,1935.0,282.0,309.0,91.3,194.0,235.0,82.6,37.0,49.0,75.5,0.5,0.6,-0.5,9.0,62.0,7.0,0.0,88.0,641.0,625.0,13.0,6.0,0.0,5.0,17,4.0,3.0,1.0,1.0,0.0,541.0,3.0,8.0,32.0,2.62,25.0,0.0,0.0,3.0,3.0,1.0,3.0,0.25,3.0,0.0,0.0,0.0,0.0,0.0,25.0,17,9.0,14.0,2.0,6.0,36.0,16.7,30.0,13.0,0.0,13.0,10,35.0,10.0,0.0,779.0,12.0,118.0,440.0,233.0,36.0,779.0,27.0,19.0,70.4,8.0,29.6,427.0,1855.0,831.0,13.0,21.0,1.0,24.0,18.0,562.0,73.0,31,1098,35,32.1,12.2,11,70.0,3,20,17.0,4,1.84,19,14,5,0.41,-0.17,17.7,14.0,3.7,0.3,-0.22,0,32,39,6,17,17,0.0,0.0,0,88.0,33.0,32.0,50.8,-,Attacking Midfield,2/22/1989,,Argentina,Without Club,1.87,left,7/16/2016,US Palermo,,4000000.0,https://www.transfermarkt.com/franco-vazquez/profil/spieler/76163
24,5303,150,Iker Muniain_2019_Athletic Club,-0.45366669022915945,42.86,2019,Athletic Club,La Liga,Iker Muniain,ESP,"MF,FW",25,1992,34,27,2383,26.5,7,3,10,6,1,1,7,0,7.1,6.3,3.3,9.6,64.0,179.0,108.0,0.26,0.11,0.38,0.23,0.34,0.27,0.13,0.39,0.24,0.36,https://fbref.com/en/players/c05dfb74/Iker-Muniain,26.5,7,24,11,45.8,0.91,0.42,0.25,0.55,15.6,0.0,1,1,0.26,-0.1,-0.3,1042.0,1250.0,83.4,15973.0,3974.0,551.0,617.0,89.3,361.0,418.0,86.4,76.0,115.0,66.1,3.3,3.5,-0.3,29.0,121.0,36.0,4.0,179.0,1250.0,1178.0,65.0,17.0,12.0,3.0,40,16.0,17.0,7.0,6.0,0.0,1042.0,7.0,25.0,80.0,3.02,60.0,3.0,5.0,2.0,10.0,0.0,9.0,0.34,5.0,0.0,0.0,1.0,3.0,0.0,29.0,20,10.0,14.0,5.0,6.0,29.0,20.7,23.0,17.0,3.0,14.0,12,41.0,6.0,0.0,1479.0,10.0,167.0,797.0,547.0,44.0,1478.0,104.0,63.0,60.6,41.0,39.4,995.0,5876.0,2693.0,64.0,80.0,4.0,50.0,53.0,1172.0,108.0,34,2383,70,69.7,26.5,27,83.0,16,7,20.0,3,1.35,30,35,-5,-0.19,-0.28,32.7,31.4,1.2,0.05,0.35,0,27,79,1,40,20,3.0,0.0,0,158.0,5.0,27.0,15.6,10,Attacking Midfield,12/19/1992,,Spain,Athletic Bilbao,1.69,right,7/1/2009,Bilbao Athletic,6/30/2024,14000000.0,https://www.transfermarkt.com/iker-muniain/profil/spieler/54235
25,5304,2845,Iker Muniain_2020_Athletic Club,-0.5431350461085479,36.730000000000004,2020,Athletic Club,La Liga,Iker Muniain,ESP,"FW,MF",26,1992,31,26,2382,26.5,5,2,7,5,0,0,4,1,3.7,3.7,2.5,6.3,80.0,117.0,124.0,0.19,0.08,0.26,0.19,0.26,0.14,0.1,0.24,0.14,0.24,https://fbref.com/en/players/c05dfb74/Iker-Muniain,26.5,5,27,13,48.1,1.02,0.49,0.19,0.38,16.1,1.0,0,0,0.14,1.3,1.3,897.0,1086.0,82.6,13462.0,3157.0,477.0,530.0,90.0,279.0,338.0,82.5,73.0,117.0,62.4,2.5,2.2,-0.5,38.0,82.0,26.0,3.0,117.0,1086.0,994.0,88.0,24.0,3.0,6.0,61,8.0,33.0,15.0,7.0,0.0,897.0,4.0,11.0,90.0,3.4,65.0,6.0,8.0,3.0,6.0,2.0,11.0,0.42,8.0,0.0,1.0,1.0,0.0,1.0,26.0,19,11.0,10.0,5.0,4.0,24.0,16.7,20.0,9.0,0.0,9.0,12,38.0,7.0,0.0,1323.0,6.0,125.0,663.0,563.0,67.0,1323.0,94.0,56.0,59.6,38.0,40.4,828.0,4980.0,2488.0,80.0,72.0,16.0,49.0,45.0,1010.0,124.0,31,2382,77,69.6,26.5,26,85.0,13,5,36.0,0,1.35,30,29,1,0.04,-0.14,30.0,33.1,-3.1,-0.12,0.25,0,28,55,2,61,19,0.0,0.0,0,117.0,12.0,21.0,36.4,10,Attacking Midfield,12/19/1992,,Spain,Athletic Bilbao,1.69,right,7/1/2009,Bilbao Athletic,6/30/2024,12000000.0,https://www.transfermarkt.com/iker-muniain/profil/spieler/54235
26,5305,5574,Iker Muniain_2021_Athletic Club,-1.4200747749902045,20.41,2021,Athletic Club,La Liga,Iker Muniain,ESP,"MF,FW",27,1992,28,23,1943,21.6,5,3,8,5,0,0,1,0,4.5,4.5,3.4,7.9,72.0,164.0,133.0,0.23,0.14,0.37,0.23,0.37,0.21,0.16,0.37,0.21,0.37,https://fbref.com/en/players/c05dfb74/Iker-Muniain,21.6,5,23,9,39.1,1.07,0.42,0.22,0.56,13.9,1.0,0,0,0.21,0.5,0.5,850.0,1042.0,81.6,13062.0,3809.0,455.0,498.0,91.4,277.0,331.0,83.7,67.0,119.0,56.3,3.4,3.3,-0.4,35.0,84.0,36.0,4.0,164.0,1042.0,912.0,122.0,35.0,4.0,2.0,64,24.0,42.0,15.0,13.0,1.0,850.0,8.0,12.0,84.0,3.89,54.0,10.0,5.0,2.0,12.0,1.0,12.0,0.56,5.0,1.0,1.0,1.0,4.0,0.0,20.0,7,4.0,10.0,6.0,6.0,24.0,25.0,18.0,15.0,0.0,15.0,11,31.0,4.0,0.0,1220.0,3.0,61.0,624.0,553.0,39.0,1220.0,61.0,41.0,67.2,20.0,32.8,709.0,4338.0,2040.0,72.0,54.0,13.0,48.0,34.0,925.0,133.0,28,1943,69,56.8,21.6,23,78.0,5,5,28.0,1,1.18,28,26,2,0.09,-0.03,23.9,21.0,2.9,0.13,-0.02,0,17,69,2,64,7,1.0,0.0,0,91.0,11.0,14.0,44.0,10,Attacking Midfield,12/19/1992,,Spain,Athletic Bilbao,1.69,right,7/1/2009,Bilbao Athletic,6/30/2024,16000000.0,https://www.transfermarkt.com/iker-muniain/profil/spieler/54235
27,5306,8401,Iker Muniain_2022_Athletic Club,-1.8070880999981551,16.33,2022,Athletic Club,La Liga,Iker Muniain,ESP,MF,28,1992,35,34,2785,30.9,4,10,14,3,1,3,3,0,5.8,3.4,9.5,12.8,81.0,218.0,161.0,0.13,0.32,0.45,0.1,0.42,0.19,0.31,0.49,0.11,0.41,https://fbref.com/en/players/c05dfb74/Iker-Muniain,30.9,4,38,17,44.7,1.23,0.55,0.08,0.18,19.3,6.0,1,3,0.09,-1.8,-0.4,1235.0,1580.0,78.2,19168.0,7095.0,666.0,737.0,90.4,383.0,485.0,79.0,115.0,224.0,51.3,9.5,8.4,0.5,107.0,129.0,70.0,9.0,218.0,1580.0,1280.0,288.0,97.0,8.0,6.0,173,22.0,132.0,26.0,66.0,0.0,1235.0,12.0,21.0,186.0,6.01,104.0,58.0,10.0,3.0,11.0,0.0,18.0,0.58,9.0,5.0,1.0,1.0,2.0,0.0,32.0,10,8.0,19.0,5.0,12.0,40.0,30.0,28.0,20.0,1.0,19.0,17,49.0,8.0,1.0,1857.0,15.0,138.0,850.0,895.0,70.0,1854.0,104.0,65.0,62.5,39.0,37.5,1097.0,6011.0,2917.0,81.0,73.0,18.0,62.0,56.0,1313.0,161.0,35,2785,80,81.4,30.9,34,81.0,15,1,19.0,2,1.46,35,27,8,0.26,0.4,40.5,27.1,13.4,0.43,0.73,0,15,81,5,173,10,2.0,0.0,0,159.0,5.0,9.0,35.7,10,Attacking Midfield,12/19/1992,,Spain,Athletic Bilbao,1.69,right,7/1/2009,Bilbao Athletic,6/30/2024,9000000.0,https://www.transfermarkt.com/iker-muniain/profil/spieler/54235
28,5307,11323,Iker Muniain_2023_Athletic Club,-2.2317885057835665,8.16,2023,Athletic Club,La Liga,Iker Muniain,ESP,"MF,FW",29,1992,30,19,1689,18.8,0,3,3,0,0,0,2,0,3.0,3.0,3.9,6.9,50.0,154.0,103.0,0.0,0.16,0.16,0.0,0.16,0.16,0.21,0.37,0.16,0.37,https://fbref.com/en/players/c05dfb74/Iker-Muniain,18.8,0,28,7,25.0,1.49,0.37,0.0,0.0,18.1,1.0,0,0,0.11,-3.0,-3.0,890.0,1110.0,80.2,14031.0,4353.0,480.0,541.0,88.7,304.0,365.0,83.3,73.0,137.0,53.3,3.9,3.9,-0.9,47.0,89.0,28.0,4.0,154.0,1110.0,944.0,160.0,58.0,6.0,3.0,113,9.0,82.0,13.0,54.0,0.0,890.0,6.0,13.0,108.0,5.75,65.0,31.0,1.0,2.0,9.0,0.0,12.0,0.64,8.0,2.0,0.0,0.0,2.0,0.0,21.0,16,7.0,11.0,3.0,6.0,17.0,35.3,11.0,10.0,1.0,9.0,4,25.0,2.0,0.0,1256.0,5.0,86.0,612.0,575.0,40.0,1256.0,66.0,39.0,59.1,15.0,22.7,823.0,4049.0,1867.0,50.0,55.0,9.0,30.0,30.0,961.0,103.0,30,1689,56,49.4,18.8,19,77.0,5,11,21.0,2,1.43,29,18,11,0.59,0.95,28.1,17.2,10.8,0.58,0.24,0,13,62,1,113,16,0.0,0.0,0,81.0,3.0,13.0,18.8,10,Attacking Midfield,12/19/1992,,Spain,,1.69,right,7/1/2009,Bilbao Athletic,6/30/2024,9000000.0,https://www.transfermarkt.com/iker-muniain/profil/spieler/54235
29,5402,1963,Isco_2019_Real Madrid,-1.8949334032172531,12.24,2019,Real Madrid,La Liga,Isco,ESP,"MF,FW",26,1992,27,11,1192,13.2,3,2,5,3,0,0,3,0,5.1,5.1,2.8,7.9,46.0,119.0,91.0,0.23,0.15,0.38,0.23,0.38,0.38,0.21,0.59,0.38,0.59,https://fbref.com/en/players/a0b4bb3e/Isco,13.2,3,25,7,28.0,1.89,0.53,0.12,0.43,16.8,2.0,0,0,0.2,-2.1,-2.1,834.0,982.0,84.9,12886.0,3190.0,487.0,523.0,93.1,262.0,306.0,85.6,59.0,90.0,65.6,2.8,2.0,-0.8,26.0,92.0,22.0,2.0,119.0,982.0,928.0,46.0,18.0,6.0,10.0,42,4.0,22.0,6.0,8.0,0.0,834.0,8.0,20.0,59.0,4.45,48.0,4.0,1.0,2.0,3.0,1.0,3.0,0.23,3.0,0.0,0.0,0.0,0.0,0.0,29.0,14,14.0,8.0,7.0,14.0,34.0,41.2,20.0,9.0,1.0,8.0,6,35.0,3.0,0.0,1111.0,5.0,122.0,600.0,403.0,54.0,1111.0,49.0,34.0,69.4,15.0,30.6,811.0,4551.0,2186.0,46.0,49.0,9.0,24.0,30.0,957.0,91.0,27,1192,44,34.9,13.2,11,75.0,2,16,23.0,4,1.7,25,18,7,0.53,0.12,27.7,16.8,10.9,0.82,0.47,0,20,34,4,42,14,0.0,0.0,0,68.0,6.0,12.0,33.3,-,Attacking Midfield,4/21/1992,,Spain,Without Club,1.76,right,7/1/2013,MÃƒÂ¡laga CF,,40000000.0,https://www.transfermarkt.com/isco/profil/spieler/85288
30,5403,4651,Isco_2020_Real Madrid,-2.3134347968573534,6.12,2020,Real Madrid,La Liga,Isco,ESP,"FW,MF",27,1992,23,15,1181,13.1,1,2,3,1,0,0,2,0,2.1,2.1,1.9,3.9,48.0,96.0,75.0,0.08,0.15,0.23,0.08,0.23,0.16,0.14,0.3,0.16,0.3,https://fbref.com/en/players/a0b4bb3e/Isco,13.1,1,23,13,56.5,1.75,0.99,0.04,0.08,18.8,2.0,0,0,0.09,-1.1,-1.1,727.0,860.0,84.5,10614.0,2626.0,432.0,462.0,93.5,208.0,243.0,85.6,52.0,87.0,59.8,1.9,1.9,0.1,23.0,67.0,21.0,4.0,96.0,860.0,827.0,30.0,12.0,6.0,10.0,39,8.0,9.0,2.0,0.0,0.0,727.0,3.0,20.0,50.0,3.81,39.0,1.0,2.0,3.0,4.0,1.0,7.0,0.53,3.0,1.0,0.0,1.0,2.0,0.0,13.0,9,2.0,10.0,1.0,5.0,14.0,35.7,9.0,9.0,0.0,9.0,7,20.0,4.0,1.0,981.0,6.0,114.0,515.0,362.0,37.0,981.0,45.0,33.0,73.3,12.0,26.7,710.0,4224.0,2155.0,48.0,39.0,6.0,29.0,21.0,833.0,75.0,23,1181,51,34.5,13.1,15,71.0,1,8,15.0,7,2.39,15,8,7,0.53,-0.99,17.7,12.8,5.0,0.38,-0.81,0,15,30,7,39,9,0.0,0.0,0,64.0,6.0,17.0,26.1,-,Attacking Midfield,4/21/1992,,Spain,Without Club,1.76,right,7/1/2013,MÃƒÂ¡laga CF,,18000000.0,https://www.transfermarkt.com/isco/profil/spieler/85288
31,5404,7422,Isco_2021_Real Madrid,-2.3865623141349923,4.08,2021,Real Madrid,La Liga,Isco,ESP,MF,28,1992,25,8,908,10.1,0,2,2,0,0,0,1,0,1.5,1.5,1.4,3.0,36.0,109.0,52.0,0.0,0.2,0.2,0.0,0.2,0.15,0.14,0.29,0.15,0.29,https://fbref.com/en/players/a0b4bb3e/Isco,10.1,0,20,3,15.0,1.98,0.3,0.0,0.0,18.7,1.0,0,0,0.08,-1.5,-1.5,632.0,734.0,86.1,9629.0,2983.0,346.0,363.0,95.3,200.0,231.0,86.6,50.0,76.0,65.8,1.4,1.4,0.6,19.0,79.0,16.0,0.0,109.0,734.0,678.0,46.0,19.0,0.0,4.0,30,10.0,17.0,8.0,2.0,0.0,632.0,10.0,6.0,42.0,4.17,30.0,6.0,2.0,4.0,0.0,0.0,3.0,0.3,2.0,1.0,0.0,0.0,0.0,0.0,13.0,9,5.0,5.0,3.0,2.0,14.0,14.3,12.0,7.0,1.0,6.0,2,15.0,2.0,0.0,838.0,10.0,94.0,461.0,296.0,39.0,838.0,44.0,31.0,70.5,13.0,29.5,602.0,3596.0,1843.0,36.0,31.0,7.0,22.0,17.0,715.0,52.0,25,908,36,26.5,10.1,8,66.0,1,17,22.0,9,2.24,16,10,6,0.59,-0.59,15.7,13.9,1.8,0.17,-0.62,0,17,18,0,30,9,0.0,0.0,0,48.0,5.0,15.0,25.0,-,Attacking Midfield,4/21/1992,,Spain,Without Club,1.76,right,7/1/2013,MÃƒÂ¡laga CF,,7500000.0,https://www.transfermarkt.com/isco/profil/spieler/85288
32,5831,7298,Javi Martinez_2021_Osasuna,2.2385742685254213,89.8,2021,Osasuna,La Liga,Javi MartÃƒÂ­nez,ESP,"MF,FW",20,1999,13,6,460,5.1,1,1,2,1,0,0,1,0,0.7,0.7,0.4,1.0,4.0,11.0,19.0,0.2,0.2,0.39,0.2,0.39,0.13,0.07,0.2,0.13,0.2,https://fbref.com/en/players/3672b352/Javi-Martinez,5.1,1,3,1,33.3,0.59,0.2,0.33,1.0,15.8,0.0,0,0,0.22,0.3,0.3,104.0,157.0,66.2,1565.0,319.0,61.0,83.0,73.5,30.0,46.0,65.2,8.0,14.0,57.1,0.4,0.4,0.6,6.0,9.0,5.0,1.0,11.0,157.0,154.0,2.0,0.0,0.0,1.0,7,0.0,0.0,0.0,0.0,0.0,104.0,1.0,3.0,14.0,2.75,11.0,0.0,2.0,0.0,1.0,0.0,1.0,0.2,1.0,0.0,0.0,0.0,0.0,0.0,9.0,4,1.0,6.0,2.0,5.0,12.0,41.7,7.0,9.0,0.0,9.0,5,14.0,4.0,0.0,211.0,8.0,39.0,110.0,68.0,10.0,211.0,8.0,6.0,75.0,2.0,25.0,89.0,589.0,265.0,4.0,5.0,0.0,9.0,3.0,117.0,19.0,13,460,35,13.5,5.1,6,69.0,0,7,6.0,20,1.15,6,6,0,0.0,0.33,6.2,7.4,-1.2,-0.23,0.01,0,5,7,0,7,4,0.0,0.0,0,37.0,5.0,5.0,50.0,-,Attacking Midfield,12/22/1999,,Spain,CA Osasuna,1.81,right,7/1/2021,CA Osasuna Promesas,6/30/2026,2500000.0,https://www.transfermarkt.com/javi-martinez/profil/spieler/471474
33,5832,10219,Javi Martinez_2022_Osasuna,0.8638042768556207,65.31,2022,Osasuna,La Liga,Javi MartÃƒÂ­nez,ESP,"MF,FW",21,1999,26,9,879,9.8,1,1,2,1,0,0,1,0,0.8,0.8,0.6,1.4,24.0,28.0,38.0,0.1,0.1,0.2,0.1,0.2,0.08,0.06,0.15,0.08,0.15,https://fbref.com/en/players/3672b352/Javi-Martinez,9.8,1,9,2,22.2,0.92,0.2,0.11,0.5,16.3,0.0,0,0,0.09,0.2,0.2,291.0,398.0,73.1,4346.0,1097.0,159.0,194.0,82.0,97.0,125.0,77.6,18.0,35.0,51.4,0.6,0.5,0.4,11.0,19.0,4.0,3.0,28.0,398.0,378.0,18.0,5.0,0.0,3.0,31,4.0,5.0,2.0,2.0,0.0,291.0,2.0,15.0,27.0,2.77,23.0,4.0,0.0,0.0,0.0,0.0,4.0,0.41,4.0,0.0,0.0,0.0,0.0,0.0,21.0,14,8.0,11.0,2.0,10.0,29.0,34.5,19.0,6.0,0.0,6.0,9,30.0,10.0,0.0,499.0,14.0,89.0,222.0,195.0,26.0,499.0,16.0,11.0,68.8,5.0,31.3,279.0,1450.0,763.0,24.0,15.0,7.0,24.0,10.0,326.0,38.0,26,879,34,25.7,9.8,9,67.0,1,17,16.0,12,1.46,13,16,-3,-0.31,0.08,9.8,16.6,-6.8,-0.7,-0.6,0,15,9,0,31,14,0.0,0.0,0,62.0,9.0,16.0,36.0,-,Attacking Midfield,12/22/1999,,Spain,CA Osasuna,1.81,right,7/1/2021,CA Osasuna Promesas,6/30/2026,1000000.0,https://www.transfermarkt.com/javi-martinez/profil/spieler/471474
34,5866,9022,Javier Pastore_2022_Elche,2.10493808627326,87.76,2022,Elche,La Liga,Javier Pastore,ARG,"MF,FW",32,1989,13,6,525,5.8,0,0,0,0,0,0,2,1,0.5,0.5,0.7,1.1,16.0,35.0,36.0,0.0,0.0,0.0,0.0,0.0,0.08,0.12,0.2,0.08,0.2,https://fbref.com/en/players/881ef58c/Javier-Pastore,5.8,0,8,2,25.0,1.37,0.34,0.0,0.0,18.1,0.0,0,0,0.06,-0.5,-0.5,216.0,283.0,76.3,3541.0,1062.0,111.0,128.0,86.7,72.0,92.0,78.3,23.0,35.0,65.7,0.7,0.9,-0.7,11.0,22.0,13.0,2.0,35.0,283.0,274.0,8.0,3.0,3.0,3.0,8,4.0,1.0,1.0,0.0,0.0,216.0,1.0,8.0,24.0,4.11,23.0,0.0,1.0,0.0,0.0,0.0,0.0,0.0,0.0,0.0,0.0,0.0,0.0,0.0,7.0,3,3.0,2.0,2.0,3.0,12.0,25.0,9.0,5.0,1.0,4.0,4,11.0,2.0,0.0,338.0,3.0,56.0,166.0,120.0,18.0,338.0,14.0,8.0,57.1,6.0,42.9,226.0,1203.0,582.0,16.0,11.0,4.0,10.0,11.0,269.0,36.0,13,525,40,15.4,5.8,6,61.0,0,7,23.0,12,0.5,3,12,-9,-1.54,-1.45,5.0,8.3,-3.4,-0.58,0.11,0,7,5,1,8,3,0.0,0.0,0,26.0,4.0,6.0,40.0,-,Attacking Midfield,6/20/1989,,Argentina,Without Club,1.87,right,9/4/2021,Without Club,,,https://www.transfermarkt.com/javier-pastore/profil/spieler/55215
35,10286,2848,Oihan Sancet_2020_Athletic Club,-0.5244502129967322,38.78,2020,Athletic Club,La Liga,Oihan Sancet,ESP,"MF,FW",19,2000,17,9,741,8.2,1,1,2,1,0,0,1,0,1.0,1.0,0.7,1.7,11.0,19.0,39.0,0.12,0.12,0.24,0.12,0.24,0.13,0.08,0.21,0.13,0.21,https://fbref.com/en/players/bdb624a3/Oihan-Sancet,8.2,1,10,5,50.0,1.21,0.61,0.1,0.2,16.9,0.0,0,0,0.1,0.0,0.0,159.0,199.0,79.9,2379.0,441.0,90.0,106.0,84.9,46.0,56.0,82.1,14.0,17.0,82.4,0.7,0.4,0.3,10.0,15.0,0.0,0.0,19.0,199.0,195.0,4.0,0.0,0.0,1.0,2,0.0,2.0,1.0,1.0,0.0,159.0,0.0,5.0,24.0,2.91,18.0,0.0,2.0,2.0,2.0,0.0,3.0,0.36,2.0,0.0,0.0,0.0,1.0,0.0,11.0,7,5.0,4.0,2.0,4.0,11.0,36.4,7.0,6.0,0.0,6.0,2,13.0,2.0,0.0,298.0,3.0,33.0,142.0,126.0,19.0,298.0,27.0,16.0,59.3,11.0,40.7,185.0,1187.0,435.0,11.0,7.0,2.0,29.0,17.0,219.0,39.0,17,741,44,21.7,8.2,9,64.0,0,8,21.0,4,1.65,11,6,5,0.61,0.67,9.0,10.3,-1.3,-0.16,0.04,0,16,15,0,2,7,0.0,0.0,0,30.0,8.0,9.0,47.1,8,Attacking Midfield,4/25/2000,,Spain,Athletic Bilbao,1.88,right,8/4/2020,Bilbao Athletic,6/30/2032,3500000.0,https://www.transfermarkt.com/oihan-sancet/profil/spieler/571020
36,10287,5576,Oihan Sancet_2021_Athletic Club,0.6037749518807257,61.22,2021,Athletic Club,La Liga,Oihan Sancet,ESP,"FW,MF",20,2000,24,11,1035,11.5,2,2,4,2,0,0,2,0,2.8,2.8,1.2,4.0,26.0,41.0,76.0,0.17,0.17,0.35,0.17,0.35,0.25,0.1,0.35,0.25,0.35,https://fbref.com/en/players/bdb624a3/Oihan-Sancet,11.5,2,18,6,33.3,1.57,0.52,0.11,0.33,12.7,0.0,0,0,0.16,-0.8,-0.8,254.0,350.0,72.6,3617.0,740.0,147.0,195.0,75.4,80.0,104.0,76.9,14.0,18.0,77.8,1.2,0.5,0.8,12.0,21.0,10.0,0.0,41.0,350.0,336.0,14.0,0.0,0.0,1.0,3,1.0,0.0,0.0,0.0,0.0,254.0,0.0,11.0,27.0,2.34,21.0,0.0,3.0,1.0,2.0,0.0,4.0,0.35,4.0,0.0,0.0,0.0,0.0,0.0,8.0,2,3.0,4.0,1.0,2.0,7.0,28.6,5.0,4.0,0.0,4.0,5,13.0,7.0,0.0,460.0,14.0,45.0,227.0,196.0,28.0,460.0,25.0,18.0,72.0,7.0,28.0,286.0,1750.0,782.0,26.0,18.0,9.0,26.0,26.0,357.0,76.0,24,1035,43,30.3,11.5,11,68.0,1,13,22.0,14,1.29,12,6,6,0.52,0.6,11.3,9.0,2.3,0.2,0.09,0,19,17,4,3,2,0.0,0.0,0,47.0,18.0,13.0,58.1,8,Attacking Midfield,4/25/2000,,Spain,Athletic Bilbao,1.88,right,8/4/2020,Bilbao Athletic,6/30/2032,15000000.0,https://www.transfermarkt.com/oihan-sancet/profil/spieler/571020
37,10288,8405,Oihan Sancet_2022_Athletic Club,0.24175472081929197,57.14,2022,Athletic Club,La Liga,Oihan Sancet,ESP,FW,21,2000,27,16,1422,15.8,6,4,10,6,0,0,2,0,3.4,3.4,2.9,6.3,28.0,76.0,152.0,0.38,0.25,0.63,0.38,0.63,0.21,0.19,0.4,0.21,0.4,https://fbref.com/en/players/bdb624a3/Oihan-Sancet,15.8,6,30,14,46.7,1.9,0.89,0.2,0.43,15.0,0.0,0,0,0.11,2.6,2.6,347.0,450.0,77.1,4774.0,1054.0,207.0,246.0,84.1,89.0,128.0,69.5,20.0,29.0,69.0,2.9,2.3,1.1,27.0,32.0,26.0,2.0,76.0,450.0,437.0,12.0,1.0,10.0,7.0,10,3.0,1.0,0.0,0.0,0.0,347.0,1.0,6.0,59.0,3.74,42.0,1.0,4.0,6.0,4.0,2.0,6.0,0.38,5.0,0.0,0.0,0.0,0.0,1.0,12.0,7,2.0,8.0,2.0,5.0,20.0,25.0,15.0,2.0,0.0,2.0,5,17.0,13.0,0.0,634.0,14.0,41.0,264.0,337.0,68.0,634.0,37.0,23.0,62.2,14.0,37.8,383.0,2114.0,873.0,28.0,24.0,10.0,62.0,45.0,544.0,152.0,27,1422,53,41.6,15.8,16,71.0,0,11,26.0,0,1.37,23,17,6,0.38,0.33,22.5,14.3,8.2,0.52,0.39,0,20,27,5,10,7,0.0,0.0,0,48.0,17.0,31.0,35.4,8,Attacking Midfield,4/25/2000,,Spain,Athletic Bilbao,1.88,right,8/4/2020,Bilbao Athletic,6/30/2032,30000000.0,https://www.transfermarkt.com/oihan-sancet/profil/spieler/571020
38,10289,11325,Oihan Sancet_2023_Athletic Club,-0.4001551215320665,44.9,2023,Athletic Club,La Liga,Oihan Sancet,ESP,MF,22,2000,36,32,2532,28.1,10,2,12,8,2,2,6,1,7.6,6.0,4.2,10.2,91.0,159.0,156.0,0.36,0.07,0.43,0.28,0.36,0.27,0.15,0.42,0.21,0.36,https://fbref.com/en/players/bdb624a3/Oihan-Sancet,28.1,10,56,19,33.9,1.99,0.68,0.14,0.42,17.6,0.0,2,2,0.11,2.4,2.0,788.0,975.0,80.8,11658.0,3001.0,453.0,516.0,87.8,271.0,329.0,82.4,41.0,59.0,69.5,4.2,2.4,-2.2,44.0,88.0,27.0,1.0,159.0,975.0,936.0,28.0,13.0,9.0,3.0,17,1.0,3.0,0.0,2.0,0.0,788.0,11.0,19.0,95.0,3.38,76.0,1.0,7.0,5.0,5.0,1.0,6.0,0.21,4.0,0.0,0.0,1.0,1.0,0.0,27.0,16,2.0,19.0,6.0,11.0,37.0,29.7,26.0,10.0,0.0,10.0,4,31.0,9.0,1.0,1269.0,17.0,114.0,623.0,561.0,80.0,1267.0,83.0,46.0,55.4,25.0,30.1,847.0,5286.0,2806.0,91.0,71.0,17.0,82.0,61.0,981.0,156.0,36,2532,70,74.0,28.1,32,75.0,6,4,36.0,0,1.39,38,29,9,0.32,0.83,39.3,28.0,11.2,0.4,-0.22,0,41,54,2,17,16,0.0,0.0,0,140.0,24.0,22.0,52.2,8,Attacking Midfield,4/25/2000,,Spain,,1.88,right,8/4/2020,Bilbao Athletic,6/30/2032,30000000.0,https://www.transfermarkt.com/oihan-sancet/profil/spieler/571020
39,10417,796,Oscar Melendo_2019_Espanyol,-1.7190113188029286,18.37,2019,Espanyol,La Liga,Ãƒâ€œscar Melendo,ESP,"MF,FW",20,1997,32,22,1997,22.2,0,5,5,0,0,0,3,0,0.4,0.4,4.0,4.4,46.0,126.0,104.0,0.0,0.23,0.23,0.0,0.23,0.02,0.18,0.2,0.02,0.2,https://fbref.com/en/players/379652be/Oscar-Melendo,22.2,0,9,5,55.6,0.41,0.23,0.0,0.0,21.0,0.0,0,0,0.05,-0.4,-0.4,746.0,889.0,83.9,11225.0,2730.0,389.0,435.0,89.4,266.0,304.0,87.5,52.0,73.0,71.2,4.0,3.0,1.0,34.0,63.0,40.0,3.0,126.0,889.0,866.0,16.0,6.0,13.0,1.0,13,1.0,9.0,3.0,0.0,0.0,746.0,7.0,19.0,70.0,3.15,58.0,3.0,2.0,1.0,5.0,1.0,7.0,0.32,5.0,0.0,0.0,0.0,1.0,1.0,17.0,8,7.0,6.0,4.0,10.0,26.0,38.5,16.0,17.0,1.0,16.0,13,30.0,9.0,0.0,1055.0,11.0,148.0,554.0,367.0,25.0,1055.0,50.0,34.0,68.0,16.0,32.0,713.0,4315.0,1935.0,46.0,62.0,3.0,38.0,31.0,846.0,104.0,32,1997,62,58.4,22.2,22,81.0,6,10,22.0,6,1.34,34,20,14,0.63,1.64,33.2,29.6,3.5,0.16,0.69,0,11,56,0,13,8,0.0,0.0,0,99.0,8.0,35.0,18.6,-,Attacking Midfield,8/23/1997,,Spain,Granada CF,1.67,left,7/1/2017,RCD Espanyol B,6/30/2025,6000000.0,https://www.transfermarkt.com/oscar-melendo/profil/spieler/448344
40,10434,10320,Oscar Trejo_2022_Rayo Vallecano,-1.2090194963042273,22.45,2022,Rayo Vallecano,La Liga,Ãƒâ€œscar Trejo,ARG,MF,33,1988,32,24,2007,22.3,3,9,12,0,3,3,13,0,3.3,0.9,5.0,5.9,53.0,135.0,96.0,0.13,0.4,0.54,0.0,0.4,0.15,0.22,0.37,0.04,0.26,https://fbref.com/en/players/fc647b34/Oscar-Trejo,22.3,3,20,6,30.0,0.9,0.27,0.0,0.0,25.5,0.0,3,3,0.05,-0.3,-0.9,795.0,1049.0,75.8,12207.0,3897.0,447.0,511.0,87.5,238.0,303.0,78.5,72.0,148.0,48.6,5.0,4.5,4.0,60.0,88.0,23.0,4.0,135.0,1049.0,881.0,159.0,63.0,5.0,2.0,118,6.0,66.0,28.0,29.0,1.0,795.0,9.0,17.0,122.0,5.47,69.0,30.0,6.0,3.0,10.0,4.0,11.0,0.49,9.0,1.0,0.0,0.0,0.0,1.0,42.0,24,14.0,18.0,10.0,15.0,50.0,30.0,35.0,26.0,1.0,25.0,13,55.0,11.0,0.0,1362.0,17.0,130.0,745.0,519.0,51.0,1359.0,127.0,82.0,64.6,45.0,35.4,739.0,4336.0,1971.0,53.0,51.0,16.0,78.0,66.0,924.0,96.0,32,2007,63,58.7,22.3,24,72.0,2,8,36.0,1,1.16,23,21,2,0.09,0.92,23.4,24.5,-1.1,-0.05,0.23,0,59,68,4,118,24,0.0,0.0,0,151.0,25.0,29.0,46.3,8,Attacking Midfield,4/26/1988,,Argentina,Rayo Vallecano,1.8,right,7/1/2017,FC Toulouse,6/30/2024,3000000.0,https://www.transfermarkt.com/oscar-trejo/profil/spieler/30321
41,10435,13184,Oscar Trejo_2023_Rayo Vallecano,-0.7039415189054892,34.69,2023,Rayo Vallecano,La Liga,Ãƒâ€œscar Trejo,ARG,"MF,FW",34,1988,34,28,2145,23.8,3,4,7,2,1,2,9,0,3.4,1.8,3.3,5.1,56.0,123.0,110.0,0.13,0.17,0.29,0.08,0.25,0.14,0.14,0.28,0.08,0.21,https://fbref.com/en/players/fc647b34/Oscar-Trejo,23.8,3,23,6,26.1,0.97,0.25,0.09,0.33,18.6,0.0,1,2,0.08,-0.4,0.2,811.0,1005.0,80.7,11119.0,3045.0,497.0,558.0,89.1,233.0,283.0,82.3,36.0,69.0,52.2,3.3,2.9,0.7,43.0,107.0,23.0,2.0,123.0,1005.0,936.0,68.0,22.0,7.0,4.0,35,9.0,18.0,9.0,2.0,0.0,811.0,1.0,25.0,103.0,4.32,78.0,5.0,8.0,3.0,5.0,4.0,10.0,0.42,9.0,1.0,0.0,0.0,0.0,0.0,48.0,32,12.0,23.0,13.0,9.0,44.0,20.5,35.0,31.0,3.0,28.0,8,56.0,8.0,1.0,1338.0,17.0,120.0,694.0,550.0,72.0,1336.0,118.0,57.0,48.3,43.0,36.4,836.0,4598.0,2004.0,56.0,59.0,13.0,66.0,92.0,995.0,110.0,34,2145,63,62.7,23.8,28,71.0,2,6,28.0,0,1.24,34,32,2,0.08,0.79,25.9,31.7,-5.8,-0.24,-0.23,0,77,65,5,35,32,0.0,0.0,0,139.0,11.0,36.0,23.4,8,Attacking Midfield,4/26/1988,,Argentina,,1.8,right,7/1/2017,FC Toulouse,6/30/2024,3000000.0,https://www.transfermarkt.com/oscar-trejo/profil/spieler/30321
42,10482,703,Pablo de Blasis_2019_Eibar,2.7409363602775336,93.88,2019,Eibar,La Liga,Pablo de Blasis,ARG,"DF,MF",30,1988,24,16,1520,16.9,2,0,2,2,0,0,2,1,0.9,0.9,2.4,3.3,36.0,79.0,86.0,0.12,0.0,0.12,0.12,0.12,0.05,0.14,0.2,0.05,0.2,https://fbref.com/en/players/9ab48bde/Pablo-de-Blasis,16.9,2,12,8,66.7,0.71,0.47,0.17,0.25,19.4,0.0,0,0,0.07,1.1,1.1,550.0,803.0,68.5,8961.0,3616.0,287.0,341.0,84.2,181.0,253.0,71.5,55.0,146.0,37.7,2.4,1.7,-2.4,22.0,66.0,30.0,15.0,79.0,803.0,699.0,102.0,7.0,2.0,2.0,65,95.0,0.0,0.0,0.0,0.0,550.0,2.0,25.0,46.0,2.72,40.0,3.0,1.0,0.0,1.0,1.0,1.0,0.06,1.0,0.0,0.0,0.0,0.0,0.0,32.0,19,17.0,8.0,7.0,12.0,32.0,37.5,20.0,18.0,0.0,18.0,13,45.0,20.0,0.0,956.0,27.0,154.0,450.0,365.0,24.0,956.0,18.0,8.0,44.4,10.0,55.6,472.0,2405.0,1249.0,36.0,26.0,4.0,32.0,16.0,574.0,86.0,24,1520,63,44.4,16.9,16,88.0,13,8,15.0,8,1.21,16,24,-8,-0.47,-0.66,19.1,18.5,0.6,0.03,-0.36,0,18,11,0,65,19,0.0,0.0,0,99.0,27.0,32.0,45.8,-,Attacking Midfield,2/4/1988,,Argentina,Without Club,1.65,right,8/30/2018,1.FSV Mainz 05,,1400000.0,https://www.transfermarkt.com/pablo-de-blasis/profil/spieler/75446
43,10484,3386,Pablo de Blasis_2020_Eibar,1.9379889892782958,81.63,2020,Eibar,La Liga,Pablo de Blasis,ARG,"DF,MF",31,1988,30,15,1604,17.8,2,3,5,1,1,1,1,0,2.8,2.0,2.8,4.9,28.0,91.0,89.0,0.11,0.17,0.28,0.06,0.22,0.16,0.16,0.32,0.11,0.27,https://fbref.com/en/players/9ab48bde/Pablo-de-Blasis,17.8,2,14,4,28.6,0.79,0.22,0.07,0.25,18.2,1.0,1,1,0.16,-0.8,-1.0,659.0,963.0,68.4,12159.0,4687.0,289.0,337.0,85.8,243.0,341.0,71.3,101.0,220.0,45.9,2.8,2.6,0.2,20.0,69.0,25.0,13.0,91.0,963.0,787.0,171.0,31.0,2.0,11.0,85,131.0,8.0,4.0,3.0,0.0,659.0,5.0,23.0,43.0,2.41,33.0,6.0,1.0,2.0,0.0,1.0,3.0,0.17,2.0,0.0,0.0,1.0,0.0,0.0,41.0,32,22.0,13.0,6.0,30.0,63.0,47.6,33.0,13.0,0.0,13.0,24,65.0,21.0,0.0,1122.0,26.0,176.0,555.0,402.0,22.0,1121.0,22.0,12.0,54.5,10.0,45.5,545.0,2271.0,1096.0,28.0,19.0,3.0,22.0,17.0,637.0,89.0,30,1604,53,46.9,17.8,15,89.0,14,15,18.0,7,1.13,21,31,-10,-0.56,-0.21,20.9,26.8,-5.8,-0.33,-0.07,0,17,12,1,85,32,0.0,1.0,0,116.0,24.0,44.0,35.3,,Attacking Midfield,,,,,,,,,,1400000.0,
44,11095,3238,Rafinha_2020_Celta Vigo,-1.0444162718522803,24.490000000000002,2020,Celta Vigo,La Liga,Rafinha,BRA,MF,26,1993,29,25,2111,23.5,4,1,5,4,0,0,5,0,1.5,1.5,1.9,3.5,70.0,140.0,63.0,0.17,0.04,0.21,0.17,0.21,0.07,0.08,0.15,0.07,0.15,https://fbref.com/en/players/0c2ac3cb/Rafinha,23.5,4,32,10,31.3,1.36,0.43,0.13,0.4,20.1,0.0,0,0,0.05,2.5,2.5,1125.0,1318.0,85.4,17146.0,4361.0,601.0,661.0,90.9,376.0,412.0,91.3,81.0,124.0,65.3,1.9,3.0,-0.9,22.0,104.0,27.0,1.0,140.0,1318.0,1259.0,56.0,42.0,5.0,12.0,27,8.0,5.0,2.0,1.0,0.0,1125.0,3.0,24.0,80.0,3.41,64.0,0.0,5.0,2.0,8.0,1.0,6.0,0.26,5.0,0.0,0.0,0.0,1.0,0.0,71.0,37,29.0,37.0,5.0,20.0,62.0,32.3,42.0,37.0,4.0,33.0,33,104.0,25.0,0.0,1682.0,42.0,325.0,912.0,469.0,45.0,1682.0,86.0,60.0,69.8,26.0,30.2,1087.0,5957.0,3083.0,70.0,57.0,7.0,61.0,48.0,1178.0,63.0,29,2111,73,61.7,23.5,25,80.0,13,4,27.0,0,1.0,23,28,-5,-0.21,0.27,26.1,27.7,-1.7,-0.07,0.24,0,35,98,2,27,37,0.0,0.0,0,190.0,27.0,26.0,50.9,,Attacking Midfield,,,,,,,,,,15000000.0,
45,11098,10374,Rafinha_2022_Real Sociedad,-0.24570315472755688,46.94,2022,Real Sociedad,La Liga,Rafinha,BRA,MF,28,1993,17,13,1050,11.7,1,0,1,1,0,0,3,0,2.5,2.5,0.5,3.0,34.0,54.0,31.0,0.09,0.0,0.09,0.09,0.09,0.22,0.04,0.26,0.22,0.26,https://fbref.com/en/players/0c2ac3cb/Rafinha,11.7,1,14,2,14.3,1.2,0.17,0.07,0.5,16.9,1.0,0,0,0.18,-1.5,-1.5,582.0,677.0,86.0,8313.0,2063.0,338.0,367.0,92.1,170.0,189.0,89.9,37.0,59.0,62.7,0.5,1.2,-0.5,9.0,66.0,11.0,2.0,54.0,677.0,645.0,29.0,16.0,2.0,2.0,21,1.0,11.0,5.0,5.0,0.0,582.0,3.0,9.0,35.0,3.0,25.0,2.0,1.0,1.0,4.0,2.0,1.0,0.09,0.0,0.0,0.0,0.0,1.0,0.0,43.0,27,17.0,20.0,6.0,16.0,28.0,57.1,12.0,21.0,2.0,19.0,12,55.0,4.0,0.0,848.0,14.0,135.0,481.0,246.0,20.0,848.0,36.0,18.0,50.0,18.0,50.0,558.0,2887.0,1523.0,34.0,28.0,6.0,26.0,22.0,586.0,31.0,17,1050,62,30.7,11.7,13,71.0,0,4,31.0,0,1.53,10,10,0,0.0,-0.11,15.6,9.9,5.7,0.49,0.22,0,21,38,0,21,27,0.0,0.0,0,90.0,13.0,15.0,46.4,,Attacking Midfield,,,,,,,,,,9000000.0,
46,11499,4527,Roberto Torres_2020_Osasuna,1.9845616959768515,83.67,2020,Osasuna,La Liga,Roberto Torres,ESP,"MF,FW",30,1989,36,31,2717,30.2,7,8,15,2,5,5,1,0,8.2,4.3,6.7,11.0,45.0,125.0,185.0,0.23,0.26,0.5,0.07,0.33,0.27,0.22,0.5,0.14,0.37,https://fbref.com/en/players/d733aa38/Roberto-Torres,30.2,7,73,19,26.0,2.42,0.63,0.03,0.11,24.7,9.0,5,5,0.06,-1.2,-2.3,720.0,1130.0,63.7,12497.0,4559.0,335.0,420.0,79.8,253.0,375.0,67.5,94.0,221.0,42.5,6.7,5.8,1.3,43.0,88.0,32.0,16.0,125.0,1130.0,987.0,137.0,37.0,3.0,13.0,160,29.0,70.0,30.0,22.0,1.0,720.0,6.0,29.0,100.0,3.31,58.0,23.0,3.0,9.0,5.0,2.0,10.0,0.33,5.0,4.0,0.0,0.0,0.0,1.0,33.0,16,12.0,18.0,3.0,21.0,49.0,42.9,28.0,41.0,2.0,39.0,31,64.0,37.0,0.0,1488.0,44.0,215.0,675.0,607.0,70.0,1483.0,39.0,20.0,51.3,19.0,48.7,776.0,3069.0,1441.0,45.0,33.0,10.0,52.0,22.0,901.0,185.0,36,2717,75,79.4,30.2,31,84.0,20,5,22.0,2,1.42,35,40,-5,-0.17,0.22,41.0,39.5,1.5,0.05,0.23,0,19,32,1,160,16,0.0,1.0,0,149.0,28.0,26.0,51.9,-,Attacking Midfield,3/7/1989,,Spain,Without Club,1.78,right,7/1/2012,CA Osasuna Promesas,,5000000.0,https://www.transfermarkt.com/roberto-torres/profil/spieler/63056
47,11500,7308,Roberto Torres_2021_Osasuna,2.6055691133621566,91.84,2021,Osasuna,La Liga,Roberto Torres,ESP,"MF,FW",31,1989,35,19,1894,21.0,7,1,8,3,4,5,0,0,5.9,2.5,1.6,4.1,27.0,79.0,95.0,0.33,0.05,0.38,0.14,0.19,0.28,0.08,0.35,0.12,0.2,https://fbref.com/en/players/d733aa38/Roberto-Torres,21.0,7,43,10,23.3,2.04,0.48,0.07,0.3,24.1,3.0,4,5,0.06,1.1,0.5,519.0,781.0,66.5,9509.0,3102.0,245.0,303.0,80.9,166.0,234.0,70.9,80.0,166.0,48.2,1.6,2.1,-0.6,19.0,57.0,26.0,10.0,79.0,781.0,686.0,90.0,49.0,0.0,23.0,101,10.0,31.0,12.0,15.0,0.0,519.0,5.0,21.0,52.0,2.47,27.0,13.0,4.0,7.0,1.0,0.0,3.0,0.14,2.0,0.0,0.0,0.0,1.0,0.0,15.0,8,6.0,5.0,4.0,8.0,29.0,27.6,21.0,12.0,0.0,12.0,16,31.0,13.0,0.0,953.0,18.0,161.0,426.0,378.0,44.0,948.0,30.0,17.0,56.7,13.0,43.3,531.0,2459.0,1131.0,27.0,23.0,3.0,29.0,22.0,623.0,95.0,35,1894,54,55.4,21.0,19,81.0,9,16,22.0,0,1.11,22,33,-11,-0.52,-0.52,22.2,24.6,-2.4,-0.11,0.28,0,13,32,0,101,8,1.0,0.0,0,117.0,7.0,16.0,30.4,-,Attacking Midfield,3/7/1989,,Spain,Without Club,1.78,right,7/1/2012,CA Osasuna Promesas,,3000000.0,https://www.transfermarkt.com/roberto-torres/profil/spieler/63056
48,11501,10227,Roberto Torres_2022_Osasuna,2.7707543678973816,95.92,2022,Osasuna,La Liga,Roberto Torres,ESP,"MF,FW",32,1989,28,6,809,9.0,2,2,4,0,2,2,3,0,2.1,0.5,2.3,2.8,7.0,35.0,50.0,0.22,0.22,0.44,0.0,0.22,0.23,0.25,0.48,0.06,0.31,https://fbref.com/en/players/d733aa38/Roberto-Torres,9.0,2,13,3,23.1,1.45,0.33,0.0,0.0,25.0,0.0,2,2,0.04,-0.1,-0.5,268.0,437.0,61.3,5208.0,1784.0,114.0,148.0,77.0,102.0,154.0,66.2,44.0,101.0,43.6,2.3,2.1,-0.3,24.0,29.0,15.0,8.0,35.0,437.0,366.0,68.0,25.0,2.0,13.0,80,8.0,35.0,16.0,17.0,0.0,268.0,3.0,12.0,36.0,3.99,23.0,9.0,0.0,3.0,1.0,0.0,3.0,0.33,2.0,1.0,0.0,0.0,0.0,0.0,7.0,4,3.0,1.0,3.0,3.0,15.0,20.0,12.0,8.0,0.0,8.0,8,15.0,4.0,0.0,508.0,6.0,71.0,210.0,231.0,11.0,506.0,12.0,5.0,41.7,7.0,58.3,280.0,1062.0,379.0,7.0,9.0,0.0,12.0,5.0,328.0,50.0,28,809,29,23.7,9.0,6,76.0,0,22,16.0,10,0.96,10,14,-4,-0.44,-0.1,10.0,12.1,-2.1,-0.23,0.03,0,8,11,0,80,4,0.0,0.0,0,59.0,4.0,13.0,23.5,-,Attacking Midfield,3/7/1989,,Spain,Without Club,1.78,right,7/1/2012,CA Osasuna Promesas,,1200000.0,https://www.transfermarkt.com/roberto-torres/profil/spieler/63056
