,Unnamed: 0,unique_ID,Comp,GA90,Save_percent,CS_percent,_per_90_Expected,Cmp_percent_Launched,Stp_percent_Crosses,#OPA_per_90_Sweeper,calculated_war
0,0,Fernando Pacheco_2019_Alaves,La Liga,1.31,74.0,22.9,0.17,40.9,3.4,1.14,0.9423941157937671
1,1,Regis Gurtner_2019_Amiens,Ligue 1,1.37,72.3,28.9,-0.06,38.2,2.5,0.47,0.3109499730772585
2,2,Ludovic Butelle_2019_Angers,Ligue 1,1.33,72.0,30.6,0.03,41.7,3.2,0.92,0.7133352167029469
3,3,Petr Cech_2019_Arsenal,Premier League,1.38,75.7,14.3,0.03,34.4,5.8,1.23,0.29172212302389555
4,4,Bernd Leno_2019_Arsenal,Premier League,1.33,75.9,22.6,0.1,33.0,2.6,1.27,0.7521684248758793
5,5,Etrit Berisha_2019_Atalanta,Serie A,1.39,61.9,27.8,-0.21,45.7,3.8,1.06,-0.7363148425543459
6,6,Pierluigi Gollini_2019_Atalanta,Serie A,1.05,74.3,20.0,0.01,37.0,1.7,1.5,0.708332803828019
7,7,Iago Herrerin_2019_Athletic Club,La Liga,1.03,66.7,32.3,-0.08,43.7,4.3,1.1,0.5293134137539787
8,8,Unai Simon_2019_Athletic Club,La Liga,1.86,66.7,0.0,0.04,41.2,4.5,0.29,-1.4779236644098772
9,9,Jan Oblak_2019_Atletico Madrid,La Liga,0.73,82.9,54.1,0.39,37.1,4.1,0.43,3.9378720232384508
10,10,Gregor Kobel_2019_Augsburg,Bundesliga,2.72,55.9,18.8,-0.42,33.5,4.6,1.04,-3.8122043116155147
11,11,Andreas Luthe_2019_Augsburg,Bundesliga,1.51,71.8,14.3,-0.02,36.4,1.5,0.62,-0.3915694320465999
12,12,Marc-Andre ter Stegen_2019_Barcelona,La Liga,0.91,73.3,45.7,0.18,51.1,2.0,0.91,2.3639994077311215
13,13,Manuel Neuer_2019_Bayern Munich,Bundesliga,0.9,64.3,38.5,-0.08,43.8,5.3,1.72,0.7934611148299984
14,14,Sven Ulreich_2019_Bayern Munich,Bundesliga,1.07,69.6,25.0,0.11,35.3,0.0,0.95,0.6428396409507248
15,15,Pau Lopez_2019_Betis,La Liga,1.42,67.2,30.3,-0.04,37.7,5.7,1.39,0.07555587161361217
16,16,Lukasz Skorupski_2019_Bologna,Serie A,1.47,69.9,26.3,-0.11,46.2,5.3,0.37,-0.026457465785703044
17,17,Benoit Costil_2019_Bordeaux,Ligue 1,1.14,76.3,24.3,0.12,43.9,2.3,0.59,1.247831554632789
18,18,Asmir Begovic_2019_Bournemouth,Premier League,1.96,56.7,20.8,-0.44,39.3,6.6,0.67,-2.6968457807458703
19,19,Artur Boruc_2019_Bournemouth,Premier League,1.5,73.2,33.3,-0.17,34.1,1.9,0.75,0.06729635025224619
20,20,Mathew Ryan_2019_Brighton,Premier League,1.62,69.1,17.6,-0.11,41.1,3.4,0.32,-0.723710394934059
21,21,Joe Hart_2019_Burnley,Premier League,2.16,65.5,21.1,-0.21,40.4,1.9,0.74,-1.7767906689735151
22,22,Tom Heaton_2019_Burnley,Premier League,1.42,68.7,21.1,-0.1,39.2,2.4,1.53,-0.3386705629223235
23,23,Brice Samba_2019_Caen,Ligue 1,1.42,75.1,23.7,0.37,46.1,6.1,0.42,1.5028976322703982
24,24,Alessio Cragno_2019_Cagliari,Serie A,1.42,77.6,18.4,0.25,46.7,3.9,0.82,1.1975229486190608
25,25,Neil Etheridge_2019_Cardiff City,Premier League,1.82,68.6,26.3,-0.02,31.3,2.8,1.21,-0.5767727158438071
26,26,Sergio Alvarez_2019_Celta Vigo,La Liga,1.69,65.5,15.4,-0.15,38.4,3.5,0.54,-1.2936325657501582
27,27,Ruben Blanco_2019_Celta Vigo,La Liga,1.6,67.0,24.0,0.03,38.4,3.4,1.2,-0.27902117405412996
28,28,Kepa Arrizabalaga_2019_Chelsea,Premier League,1.08,68.6,38.9,-0.07,49.6,3.8,0.97,0.9646086318459933
29,29,Adrian Semper_2019_Chievo,Serie A,1.33,75.0,33.3,0.02,38.3,7.4,0.5,1.040986598223709
30,30,Stefano Sorrentino_2019_Chievo,Serie A,1.94,65.3,16.1,-0.27,43.5,1.6,0.26,-1.8466605442114936
31,31,Vicente Guaita_2019_Crystal Palace,Premier League,1.18,74.1,35.0,-0.09,31.1,4.1,0.51,0.7620877677252932
32,32,Wayne Hennessey_2019_Crystal Palace,Premier League,1.49,66.7,29.4,-0.18,32.5,4.3,0.86,-0.5622754753650072
33,33,Runar Alex Runarsson_2019_Dijon,Ligue 1,1.72,58.6,20.0,-0.37,42.8,4.0,1.8,-2.0583950881045805
34,34,Bobby Allain_2019_Dijon,Ligue 1,1.31,77.8,7.7,0.08,46.6,9.1,1.38,0.6908102696000862
35,35,Roman Burki_2019_Dortmund,Bundesliga,1.25,71.9,31.3,-0.03,32.7,4.2,1.13,0.5766045860424257
36,36,Michael Rensing_2019_Dusseldorf,Bundesliga,1.94,67.6,15.6,-0.24,39.6,5.0,0.09,-1.6096333027895162
37,37,Marko Dmitrovic_2019_Eibar,La Liga,1.25,68.6,20.8,-0.1,34.5,5.5,2.38,-0.10585350343391993
38,38,Asier Riesgo_2019_Eibar,La Liga,1.43,56.5,28.6,-0.17,45.3,3.8,1.93,-1.0330232908719519
39,39,Kevin Trapp_2019_Eint Frankfurt,Bundesliga,1.47,70.3,24.2,-0.11,46.8,4.3,1.13,-0.040332494293024934
40,40,Bartlomiej Dragowski_2019_Empoli,Serie A,1.71,78.1,21.4,0.12,28.8,4.2,1.57,0.45964169445704006
41,41,Ivan Provedel_2019_Empoli,Serie A,2.25,68.3,0.0,-0.36,39.5,4.3,0.5,-2.789712995488769
42,42,Pietro Terracciano_2019_Empoli,Serie A,1.25,71.4,25.0,0.05,36.6,0.9,0.38,0.4314124457610617
43,43,Diego Lopez_2019_Espanyol,La Liga,1.32,73.7,26.3,0.1,40.2,3.6,0.5,0.8219913086784418
44,44,Jordan Pickford_2019_Everton,Premier League,1.21,67.6,36.8,0.03,34.9,3.2,1.05,0.645496686299138
45,45,Alban Lafont_2019_Fiorentina,Serie A,1.19,72.7,23.5,-0.13,36.2,2.9,0.87,0.19012763913077554
46,46,Alexander Schwolow_2019_Freiburg,Bundesliga,1.82,68.8,15.2,-0.09,40.6,2.4,0.88,-1.0253010228383197
47,47,Marco Sportiello_2019_Frosinone,Serie A,1.83,70.6,22.9,-0.24,33.5,3.4,0.6,-1.072328793183532
48,48,Marcus Bettinelli_2019_Fulham,Premier League,2.86,52.5,0.0,-0.36,44.8,0.8,1.57,-4.682081124509828
49,49,Sergio Rico_2019_Fulham,Premier League,1.93,68.5,17.2,-0.12,41.6,1.3,0.97,-1.1801580311704034
50,50,Ionut Radu_2019_Genoa,Serie A,1.39,72.5,18.2,0.01,34.7,2.7,0.42,0.012429779042927669
51,51,David Soria_2019_Getafe,La Liga,0.92,77.4,35.1,0.2,37.3,4.3,1.03,2.1603918010326213
52,52,Yassine Bounou_2019_Girona,La Liga,1.35,77.7,25.0,0.24,38.6,3.4,0.6,1.3583989729827923
53,53,Gorka Iraizoz_2019_Girona,La Liga,1.61,79.5,16.7,0.33,37.7,3.5,0.48,1.0703641058260795
54,54,Marc-Aurele Caillard_2019_Guingamp,Ligue 1,1.62,64.5,28.6,-0.15,40.5,5.5,0.19,-0.734124829724864
55,55,Karl-Johan Johnsson_2019_Guingamp,Ligue 1,2.0,59.0,23.5,-0.52,43.9,5.3,0.41,-2.6261589351560444
56,56,Michael Esser_2019_Hannover 96,Bundesliga,2.06,71.5,15.6,-0.13,49.1,4.4,1.19,-0.9805073255885695
57,57,Rune Jarstein_2019_Hertha BSC,Bundesliga,1.57,67.8,25.8,-0.02,43.6,6.3,0.95,-0.09760227391642934
58,58,Oliver Baumann_2019_Hoffenheim,Bundesliga,1.55,72.9,15.2,-0.08,41.3,3.2,1.76,-0.2742336851054841
59,59,Ben Hamer_2019_Huddersfield,Premier League,3.42,57.1,0.0,-0.25,36.8,7.2,0.65,-4.770009460526975
60,60,Jonas Lossl_2019_Huddersfield,Premier League,1.75,64.5,16.7,-0.39,43.6,7.0,0.94,-1.7769750741763175
61,61,Aleksandar Jovanovic_2019_Huesca,La Liga,1.58,63.0,0.0,-0.08,31.2,1.4,0.33,-1.945926674165429
62,62,Roberto Santamaria_2019_Huesca,La Liga,1.5,75.0,30.0,0.23,45.3,1.6,0.35,1.182817599468697
63,63,Axel Werner_2019_Huesca,La Liga,2.67,53.1,0.0,-0.69,29.8,0.0,0.17,-5.538148381353809
64,64,Samir Handanovic_2019_Inter,Serie A,0.87,76.4,44.7,0.08,46.8,3.3,0.71,2.326993904100229
65,65,Mattia Perin_2019_Juventus,Serie A,0.89,74.1,55.6,0.05,45.6,1.7,0.33,2.3822608635886113
66,66,Wojciech Szczesny_2019_Juventus,Serie A,0.71,76.5,39.3,0.22,54.9,2.5,0.96,2.7832376732195994
67,67,Thomas Strakosha_2019_Lazio,Serie A,1.11,74.2,28.6,0.22,38.3,2.3,0.77,1.4405831930082624
68,68,Ivan Cuellar_2019_Leganes,La Liga,1.12,68.7,26.5,0.0,40.8,5.0,0.82,0.5022658841727047
69,69,Kasper Schmeichel_2019_Leicester City,Premier League,1.26,68.8,26.3,-0.21,44.1,2.2,0.66,-0.18559201774198036
70,70,Aitor Fernandez_2019_Levante,La Liga,1.5,75.9,12.5,0.17,35.3,2.2,1.06,0.3503535589928555
71,71,Oier Olazabal_2019_Levante,La Liga,1.9,73.3,23.8,0.08,36.5,3.9,0.67,-0.08665942582177785
72,72,Lukas Hradecky_2019_Leverkusen,Bundesliga,1.47,65.4,28.1,-0.21,45.4,2.5,1.59,-0.5492992583669083
73,73,Mike Maignan_2019_Lille,Ligue 1,0.87,78.4,39.5,0.16,31.8,5.8,1.16,2.3228174062326787
74,74,Alisson_2019_Liverpool,Premier League,0.58,77.1,55.3,0.14,41.5,4.2,1.55,3.2574285039351794
75,75,Anthony Lopes_2019_Lyon,Ligue 1,1.24,72.4,26.5,-0.09,41.5,3.3,0.88,0.40944923945645356
76,76,Yann Sommer_2019_M'Gladbach,Bundesliga,1.24,75.0,38.2,0.18,37.4,5.7,0.97,1.6890181762066272
77,77,Florian Muller_2019_Mainz 05,Bundesliga,1.79,67.7,20.8,-0.17,37.0,3.4,1.04,-1.0799321401812538
78,78,Robin Zentner_2019_Mainz 05,Bundesliga,1.4,71.4,20.0,-0.12,26.7,6.0,1.2,-0.33108294560874496
79,79,Ederson_2019_Manchester City,Premier League,0.61,76.5,52.6,0.01,41.0,6.7,1.08,2.7842701241974335
80,80,David de Gea_2019_Manchester Utd,Premier League,1.42,71.9,18.4,-0.03,42.7,1.7,0.66,-0.03775895739301312
81,81,Steve Mandanda_2019_Marseille,Ligue 1,1.32,69.9,29.0,-0.16,37.9,5.2,0.89,0.032529028233361894
82,82,Yohann Pele_2019_Marseille,Ligue 1,1.59,68.0,42.9,-0.17,50.0,4.7,1.19,0.26067351736355804
83,83,Gianluigi Donnarumma_2019_Milan,Serie A,0.9,77.8,30.6,0.14,47.9,2.7,0.64,2.012783021915155
84,84,Diego Benaglio_2019_Monaco,Ligue 1,1.66,63.5,18.2,-0.12,38.7,2.8,0.66,-1.2411175725070724
85,85,Danijel Subasic_2019_Monaco,Ligue 1,0.95,74.4,28.6,0.07,37.5,3.6,0.48,1.2899688804313192
86,86,Benjamin Lecomte_2019_Montpellier,Ligue 1,1.14,72.7,29.7,0.04,45.1,4.8,1.05,1.0845412179481786
87,87,Maxime Dupe_2019_Nantes,Ligue 1,1.63,55.9,10.0,-0.36,38.8,4.4,0.67,-2.6384419645210317
88,88,Ciprian Tatarusanu_2019_Nantes,Ligue 1,1.13,69.5,25.9,0.05,45.8,5.3,1.43,0.7739350512138772
89,89,Orestis Karnezis_2019_Napoli,Serie A,0.78,77.8,44.4,0.13,28.3,3.7,0.67,2.3618300117296043
90,90,Alex Meret_2019_Napoli,Serie A,0.7,85.4,38.5,0.07,29.0,1.1,0.63,2.6356050522994106
91,91,David Ospina_2019_Napoli,Serie A,1.24,69.4,31.3,-0.22,32.1,6.5,0.62,-0.04690780080293116
92,92,Martin Dubravka_2019_Newcastle Utd,Premier League,1.26,70.0,28.9,-0.12,35.3,6.6,0.87,0.1926924769788835
93,93,Walter Benitez_2019_Nice,Ligue 1,0.83,81.1,45.7,0.35,36.9,3.0,0.4,3.236648115903763
94,94,Paul Bernardoni_2019_Nimes,Ligue 1,1.53,70.0,26.3,0.09,33.9,5.7,0.87,0.22820813518398017
95,95,Fabian Bredlow_2019_Nurnberg,Bundesliga,2.24,54.1,16.7,-0.48,32.4,0.6,0.8,-3.724154246890905
96,96,Christian Mathenia_2019_Nurnberg,Bundesliga,1.86,67.8,9.1,-0.3,35.9,1.9,0.47,-1.9920265065167846
97,97,Alphonse Areola_2019_Paris S-G,Ligue 1,0.81,80.3,52.4,0.11,42.6,2.7,0.62,2.977272804452239
98,98,Gianluigi Buffon_2019_Paris S-G,Ligue 1,1.06,73.8,35.3,0.17,39.6,1.1,0.94,1.605901315307051
99,99,Luigi Sepe_2019_Parma,Serie A,1.59,74.1,27.0,0.02,43.3,4.3,0.35,0.4226184827577962
100,100,Peter Gulacsi_2019_RB Leipzig,Bundesliga,0.83,80.3,45.5,0.37,40.1,4.2,1.75,3.376742701690723
101,101,Stole Dimitrievski_2019_Rayo Vallecano,La Liga,1.67,69.5,14.3,-0.1,41.0,2.5,0.81,-0.8443935927045
102,102,Alberto Garcia_2019_Rayo Vallecano,La Liga,2.06,60.9,23.5,-0.06,41.7,2.0,1.06,-1.5263825536919309
103,103,Thibaut Courtois_2019_Real Madrid,La Liga,1.33,71.2,29.6,0.01,34.4,7.3,0.74,0.5316160266192278
104,104,Keylor Navas_2019_Real Madrid,La Liga,0.8,74.2,40.0,0.2,35.3,5.0,1.6,2.2576395471834294
105,105,Miguel Angel Moya_2019_Real Sociedad,La Liga,1.0,66.7,18.2,-0.08,50.0,3.1,1.91,0.15906656831593477
106,106,Geronimo Rulli_2019_Real Sociedad,La Liga,1.3,69.7,25.9,-0.12,36.0,5.3,1.15,0.007449937791739035
107,107,Edouard Mendy_2019_Reims,Ligue 1,1.11,76.7,36.8,0.13,39.3,4.2,0.71,1.7857200367526742
108,108,Abdoulaye Diallo_2019_Rennes,Ligue 1,0.73,85.0,33.3,0.17,33.3,10.0,0.55,2.878918811807149
109,109,Tomas Koubek_2019_Rennes,Ligue 1,1.48,67.4,28.1,-0.24,39.8,3.3,1.51,-0.5528326360566563
110,110,Antonio Mirante_2019_Roma,Serie A,0.55,84.2,54.5,0.41,45.0,1.2,0.55,4.384886038100396
111,111,Robin Olsen_2019_Roma,Serie A,1.56,69.8,14.8,-0.15,43.8,2.4,0.93,-0.7394364135977238
112,112,Alfred Gomis_2019_SPAL,Serie A,1.41,65.8,31.6,-0.21,39.5,2.7,0.52,-0.47106850189724986
113,113,Emiliano Viviano_2019_SPAL,Serie A,1.48,75.0,17.6,-0.06,43.6,2.1,0.53,0.046581325791044126
114,114,Stephane Ruffier_2019_Saint-Etienne,Ligue 1,1.08,77.7,35.1,0.2,30.0,2.3,0.49,1.7960197487210225
115,115,Emil Audero_2019_Sampdoria,Serie A,1.42,70.1,30.6,-0.01,33.2,4.3,1.33,0.2766208376955789
116,116,Andrea Consigli_2019_Sassuolo,Serie A,1.57,66.5,33.3,0.01,40.8,2.7,0.81,0.017964966011987833
117,117,Ralf Fahrmann_2019_Schalke 04,Bundesliga,1.59,71.1,18.8,-0.14,44.2,5.1,1.29,-0.40912483054149795
118,118,Alexander Nubel_2019_Schalke 04,Bundesliga,1.64,68.7,22.2,0.05,41.2,4.8,0.62,-0.17323817443381512
119,119,Tomas Vaclik_2019_Sevilla,La Liga,1.33,72.0,24.2,0.04,31.1,6.1,0.64,0.3759000108789262
120,120,Angus Gunn_2019_Southampton,Premier League,1.5,64.0,25.0,-0.26,27.7,3.0,1.0,-1.238642192169782
121,121,Alex McCarthy_2019_Southampton,Premier League,1.76,64.7,16.0,-0.15,31.1,4.0,0.68,-1.5141455254647662
122,122,Matz Sels_2019_Strasbourg,Ligue 1,1.3,72.3,21.6,-0.05,39.4,4.6,0.81,0.23266051622998232
123,123,Ron-Robert Zieler_2019_Stuttgart,Bundesliga,2.06,62.0,17.6,-0.28,36.3,4.2,1.21,-2.2121527129544907
124,124,Salvatore Sirigu_2019_Torino,Serie A,0.99,75.7,38.9,0.16,45.2,4.8,1.02,2.129029083801848
125,125,Hugo Lloris_2019_Tottenham,Premier League,1.0,76.9,36.4,0.28,40.2,2.9,1.09,2.2828062191552387
126,126,Mauro Goicoechea_2019_Toulouse,Ligue 1,1.52,68.6,42.9,-0.49,37.5,5.0,1.26,-0.5587788116420005
127,127,Baptiste Reynet_2019_Toulouse,Ligue 1,1.5,71.3,19.4,-0.02,38.0,3.0,1.07,-0.13906341649315382
128,128,Juan Musso_2019_Udinese,Serie A,1.38,77.8,24.1,0.12,43.9,2.9,0.34,1.0684790633031032
129,129,Simone Scuffet_2019_Udinese,Serie A,1.44,68.4,22.2,0.05,46.4,1.4,0.44,0.03687834252382255
130,130,Neto_2019_Valencia,La Liga,1.0,80.6,29.4,0.23,32.5,1.8,0.47,2.0026602624778684
131,131,Jordi Masip_2019_Valladolid,La Liga,1.29,72.0,25.7,0.11,31.5,3.1,0.34,0.5656053981116647
132,132,Sergio Asenjo_2019_Villarreal,La Liga,1.41,73.5,28.1,0.17,41.5,3.4,0.81,0.9682434493401215
133,133,Andres Fernandez_2019_Villarreal,La Liga,1.17,73.9,33.3,0.25,48.4,3.1,1.67,1.8293140933418142
134,134,Ben Foster_2019_Watford,Premier League,1.55,69.4,18.4,-0.01,36.1,5.4,1.89,-0.28558844440036735
135,135,Jiri Pavlenka_2019_Werder Bremen,Bundesliga,1.42,71.2,14.7,0.0,42.6,2.6,0.76,-0.13485883161837858
136,136,Lukasz Fabianski_2019_West Ham,Premier League,1.45,74.2,18.4,0.23,37.1,5.2,0.42,0.6998038037466023
137,137,Koen Casteels_2019_Wolfsburg,Bundesliga,1.53,70.6,30.8,0.04,46.2,5.3,1.02,0.5224796286309541
138,138,Pavao Pervan_2019_Wolfsburg,Bundesliga,1.29,72.5,12.5,0.1,47.9,2.3,0.24,0.323137726747229
139,139,Rui Patricio_2019_Wolves,Premier League,1.24,68.8,18.9,-0.07,39.4,2.8,0.49,-0.17890053042523812
140,140,Fernando Pacheco_2020_Alaves,La Liga,1.41,71.6,22.2,-0.1,45.8,2.1,0.42,-0.02891444011092139
141,141,Roberto_2020_Alaves,La Liga,2.16,70.4,25.0,0.13,43.1,2.8,0.34,-0.40010273926714296
142,142,Regis Gurtner_2020_Amiens,Ligue 1,1.79,65.5,17.9,-0.29,42.0,2.4,0.36,-1.6309690019380065
143,143,Ludovic Butelle_2020_Angers,Ligue 1,1.23,65.1,42.3,-0.2,34.8,4.7,0.85,0.10651918088474294
144,144,Bernd Leno_2020_Arsenal,Premier League,1.33,78.1,23.3,0.04,24.1,3.6,1.29,0.6890797866698015
145,145,Emiliano Martinez_2020_Arsenal,Premier League,1.05,81.0,37.5,0.32,28.6,5.8,0.47,2.5216569373347966
146,146,Tom Heaton_2020_Aston Villa,Premier League,1.76,68.6,20.0,-0.28,31.3,2.9,0.65,-1.3924049721537406
147,147,Orjan Nyland_2020_Aston Villa,Premier League,2.0,55.6,20.0,-0.59,31.7,5.0,0.17,-3.4068270723338685
148,148,Pepe Reina_2020_Aston Villa,Premier League,1.67,66.0,16.7,-0.44,47.0,4.8,1.17,-1.6647445546842072
149,149,Pierluigi Gollini_2020_Atalanta,Serie A,1.31,70.0,24.2,-0.07,43.3,1.6,1.78,0.1451296326706973
150,150,Marco Sportiello_2020_Atalanta,Serie A,0.86,72.2,40.0,-0.04,32.1,5.8,1.71,1.4328751927824486
151,151,Unai Simon_2020_Athletic Club,La Liga,0.87,78.0,35.3,0.23,42.5,4.0,0.6,2.395710411967284
152,152,Jan Oblak_2020_Atletico Madrid,La Liga,0.72,78.4,44.7,0.15,39.4,2.3,0.32,2.6633799260245383
153,153,Tomas Koubek_2020_Augsburg,Bundesliga,2.12,58.2,16.7,-0.26,31.7,3.6,1.42,-2.641314283729473
154,154,Andreas Luthe_2020_Augsburg,Bundesliga,1.2,63.6,30.0,0.31,31.5,5.4,1.1,0.7545853973772125
155,155,Marc-Andre ter Stegen_2020_Barcelona,La Liga,1.0,74.1,38.9,-0.03,51.0,4.7,1.08,1.6347147219610996
156,156,Manuel Neuer_2020_Bayern Munich,Bundesliga,0.94,74.5,45.5,0.14,50.4,3.3,3.73,2.5125846631136692
157,157,Daniel Martin_2020_Betis,La Liga,2.03,50.0,20.0,-0.69,39.7,2.9,1.36,-3.963859907418308
158,158,Joel Robles_2020_Betis,La Liga,1.5,71.5,15.2,0.0,33.3,2.2,1.59,-0.29513003238639435
159,159,Lukasz Skorupski_2020_Bologna,Serie A,1.73,69.0,5.4,-0.25,44.2,9.3,0.78,-1.4409941431209168
160,160,Benoit Costil_2020_Bordeaux,Ligue 1,1.21,70.4,21.4,-0.01,40.4,3.9,1.0,0.29139240068038574
161,161,Aaron Ramsdale_2020_Bournemouth,Premier League,1.68,69.5,13.5,-0.04,30.1,3.4,0.68,-0.9058421649848111
162,162,Lorenzo Andrenacci_2020_Brescia,Serie A,2.71,63.6,0.0,-0.54,40.0,3.1,0.17,-4.175079670571538
163,163,Jesse Joronen_2020_Brescia,Serie A,2.03,72.4,17.2,-0.08,36.3,3.2,0.41,-0.9763348980852576
164,164,Gautier Larsonneur_2020_Brest,Ligue 1,1.28,76.5,25.9,0.28,34.3,4.2,1.05,1.4547582920492026
165,165,Mathew Ryan_2020_Brighton,Premier League,1.42,69.0,23.7,-0.05,50.2,3.8,0.68,0.057025961822137615
166,166,Nick Pope_2020_Burnley,Premier League,1.32,72.5,39.5,-0.09,30.2,8.3,1.26,0.7671299011681224
167,167,Alessio Cragno_2020_Cagliari,Serie A,1.31,77.5,18.8,0.1,30.4,4.4,0.44,0.7063663255396692
168,168,Robin Olsen_2020_Cagliari,Serie A,1.42,77.5,23.5,0.07,35.4,2.7,0.3,0.712465649149447
169,169,Rafael_2020_Cagliari,Serie A,2.18,47.1,0.0,-0.68,46.5,3.1,0.59,-5.031656430409986
170,170,Ruben Blanco_2020_Celta Vigo,La Liga,1.31,71.9,30.3,-0.06,35.5,3.6,0.33,0.3774019099162608
171,171,Kepa Arrizabalaga_2020_Chelsea,Premier League,1.42,54.5,24.2,-0.34,33.2,5.8,1.06,-1.9487686199177048
172,172,Vicente Guaita_2020_Crystal Palace,Premier League,1.2,71.8,28.6,0.21,32.3,3.9,0.69,1.057323363945366
173,173,Runar Alex Runarsson_2020_Dijon,Ligue 1,1.7,63.8,0.0,-0.47,41.3,5.5,0.9,-2.6632716260931852
174,174,Alfred Gomis_2020_Dijon,Ligue 1,1.11,76.5,31.6,-0.08,43.1,7.5,0.72,1.2125253450265268
175,175,Roman Burki_2020_Dortmund,Bundesliga,1.3,61.1,38.7,-0.08,30.9,3.6,1.46,-0.18932271527086392
176,176,Florian Kastenmeier_2020_Dusseldorf,Bundesliga,1.82,62.8,11.8,-0.17,40.1,2.9,1.18,-1.78963750500971
177,177,Zack Steffen_2020_Dusseldorf,Bundesliga,2.12,64.6,11.8,-0.15,43.6,5.3,0.94,-1.864309261018742
178,178,Marko Dmitrovic_2020_Eibar,La Liga,1.46,61.5,28.6,-0.12,32.4,5.7,2.14,-0.7098349893005059
179,179,Frederik Ronnow_2020_Eint Frankfurt,Bundesliga,1.56,75.5,11.1,0.04,45.3,3.4,1.22,0.08327734837650132
180,180,Kevin Trapp_2020_Eint Frankfurt,Bundesliga,1.73,64.8,18.2,-0.18,42.6,5.7,1.45,-1.1880955336853545
181,181,Diego Lopez_2020_Espanyol,La Liga,1.62,67.5,11.1,-0.06,33.0,5.5,1.39,-0.9892654222444852
182,182,Jordan Pickford_2020_Everton,Premier League,1.47,63.9,23.7,-0.07,37.0,4.7,0.66,-0.6406408607388006
183,183,Bartlomiej Dragowski_2020_Fiorentina,Serie A,1.39,73.4,25.8,-0.01,32.2,3.0,0.97,0.3216188621999343
184,184,Pietro Terracciano_2020_Fiorentina,Serie A,0.72,91.3,28.6,0.36,23.1,5.8,0.72,3.408684572912692
185,185,Mark Flekken_2020_Freiburg,Bundesliga,1.4,79.7,30.0,0.57,35.6,3.1,0.8,2.3847566175372594
186,186,Alexander Schwolow_2020_Freiburg,Bundesliga,1.38,75.4,16.7,0.0,35.7,3.4,0.6,0.21388143002456686
187,187,Mattia Perin_2020_Genoa,Serie A,1.81,64.1,23.8,-0.12,34.6,5.3,0.57,-1.177310573387428
188,188,Ionut Radu_2020_Genoa,Serie A,2.06,70.4,11.8,-0.16,36.1,3.2,0.41,-1.564716849085524
189,189,David Soria_2020_Getafe,La Liga,0.97,70.6,39.5,0.09,37.0,5.2,1.82,1.538277643093407
190,190,Rui Silva_2020_Granada,La Liga,1.2,73.2,34.3,0.02,36.9,5.0,1.89,1.1023216747198048
191,191,Marco Silvestri_2020_Hellas Verona,Serie A,1.23,77.4,25.7,0.08,26.5,3.1,0.43,0.9130717199080597
192,192,Rune Jarstein_2020_Hertha BSC,Bundesliga,1.63,72.7,31.0,-0.06,46.5,7.2,0.71,0.3656247205833614
193,193,Oliver Baumann_2020_Hoffenheim,Bundesliga,1.63,69.9,23.3,0.05,35.0,3.7,0.9,-0.13348121735464966
194,194,Samir Handanovic_2020_Inter,Serie A,0.91,72.7,37.1,-0.05,50.0,4.9,0.54,1.473003850914239
195,195,Gianluigi Buffon_2020_Juventus,Serie A,1.11,72.7,11.1,-0.27,46.2,2.8,0.78,-0.3606120611356258
196,196,Wojciech Szczesny_2020_Juventus,Serie A,1.15,80.6,37.9,0.14,49.7,3.1,1.29,2.2848273251137203
197,197,Timo Horn_2020_Koln,Bundesliga,2.03,58.3,17.6,-0.36,48.9,4.2,0.68,-2.4862756408199624
198,198,Thomas Strakosha_2020_Lazio,Serie A,1.11,77.3,28.9,0.09,40.2,2.1,0.47,1.3919825009028317
199,199,Gabriel_2020_Lecce,Serie A,2.28,70.9,5.9,-0.08,40.0,4.5,0.45,-1.7256107633958546
200,200,Ivan Cuellar_2020_Leganes,La Liga,1.22,67.7,25.9,-0.09,35.6,2.8,1.41,-0.02922666681443283
201,201,Juan Soriano_2020_Leganes,La Liga,1.64,66.7,9.1,-0.11,26.9,6.0,0.36,-1.4198545756628231
202,202,Kasper Schmeichel_2020_Leicester City,Premier League,1.08,75.6,34.2,0.14,45.2,2.8,0.89,1.7354392409553752
203,203,Aitor Fernandez_2020_Levante,La Liga,1.42,76.6,13.9,0.1,34.6,3.4,1.25,0.4149564754922503
204,204,Lukas Hradecky_2020_Leverkusen,Bundesliga,1.29,70.6,29.4,0.12,36.1,3.8,1.62,0.7882547962408393
205,205,Mike Maignan_2020_Lille,Ligue 1,0.96,72.3,42.9,0.04,33.3,3.4,0.86,1.531720105399129
206,206,Adrian_2020_Liverpool,Premier League,1.03,63.0,22.2,-0.26,36.4,5.5,1.44,-0.6354678882166168
207,207,Alisson_2020_Liverpool,Premier League,0.81,72.5,44.8,-0.08,45.0,3.3,2.23,1.7830135812077912
208,208,Anthony Lopes_2020_Lyon,Ligue 1,0.96,73.3,30.8,0.03,43.7,3.5,0.77,1.2947225328641783
209,209,Yann Sommer_2020_M'Gladbach,Bundesliga,1.18,75.3,20.6,0.22,43.1,2.6,1.44,1.2674315632041937
210,210,Florian Muller_2020_Mainz 05,Bundesliga,2.0,65.2,16.7,-0.22,34.6,6.3,1.44,-1.7465107720987734
211,211,Robin Zentner_2020_Mainz 05,Bundesliga,1.86,66.1,13.6,-0.11,33.2,5.8,0.79,-1.437829699021432
212,212,Manolo Reina_2020_Mallorca,La Liga,1.67,74.3,13.9,0.05,37.4,5.0,0.78,-0.13023517239344903
213,213,Ederson_2020_Manchester City,Premier League,0.82,73.7,45.7,0.08,40.4,5.4,1.85,2.2298979414650884
214,214,David de Gea_2020_Manchester Utd,Premier League,0.95,74.8,34.2,-0.01,31.7,2.0,0.58,1.2179411706250791
215,215,Steve Mandanda_2020_Marseille,Ligue 1,1.02,75.0,40.7,0.19,32.1,6.6,0.8,1.9951590350586006
216,216,Alexandre Oukidja_2020_Metz,Ligue 1,1.17,78.3,29.6,-0.02,31.4,6.8,1.17,1.1731249345125434
217,217,Gianluigi Donnarumma_2020_Milan,Serie A,1.18,73.0,33.3,-0.04,43.6,5.7,1.04,1.0011066816683407
218,218,Benjamin Lecomte_2020_Monaco,Ligue 1,1.57,71.6,25.0,-0.01,43.3,5.1,1.39,0.18772405908869694
219,219,Geronimo Rulli_2020_Montpellier,Ligue 1,1.08,79.8,32.0,0.1,51.8,4.4,1.0,2.034807930513012
220,220,Alban Lafont_2020_Nantes,Ligue 1,1.07,72.6,37.0,-0.05,32.5,2.4,1.15,0.970025471060222
221,221,Alex Meret_2020_Napoli,Serie A,1.52,66.7,14.3,-0.2,30.1,1.7,0.69,-1.3217438982787333
222,222,David Ospina_2020_Napoli,Serie A,1.04,72.2,23.5,-0.13,44.2,6.0,1.04,0.5404206218996493
223,223,Martin Dubravka_2020_Newcastle Utd,Premier League,1.53,71.3,28.9,0.18,38.4,3.1,0.68,0.642123383859974
224,224,Walter Benitez_2020_Nice,Ligue 1,1.38,75.4,15.4,0.27,34.7,2.6,0.65,0.775820762374621
225,225,Tim Krul_2020_Norwich City,Premier League,1.89,66.7,13.9,-0.12,28.3,4.4,0.64,-1.5593252368832613
226,226,Paul Bernardoni_2020_Nimes,Ligue 1,1.55,68.5,24.0,-0.26,34.3,4.2,1.06,-0.8477481720719726
227,227,Sergio Herrera_2020_Osasuna,La Liga,1.47,67.5,38.9,0.02,32.9,6.8,1.69,0.471873035285913
228,228,Ruben_2020_Osasuna,La Liga,1.36,61.1,22.2,-0.16,34.9,2.2,0.74,-1.0839966119687043
229,229,Jannik Huth_2020_Paderborn 07,Bundesliga,2.83,51.5,0.0,-0.81,38.9,1.4,0.83,-5.921017517970179
230,230,Leopold Zingerle_2020_Paderborn 07,Bundesliga,2.04,64.5,17.9,-0.23,46.0,2.0,0.79,-1.7839242692662074
231,231,Keylor Navas_2020_Paris S-G,Ligue 1,0.86,72.7,52.4,0.02,38.5,1.6,0.38,2.0043128888396953
232,232,Luigi Sepe_2020_Parma,Serie A,1.56,75.6,14.7,0.05,47.8,3.2,0.29,0.22795012919700258
233,233,Peter Gulacsi_2020_RB Leipzig,Bundesliga,1.06,72.4,31.3,0.08,35.1,4.5,2.13,1.2119214253078285
234,234,Thibaut Courtois_2020_Real Madrid,La Liga,0.59,79.2,52.9,0.2,27.1,5.2,0.97,3.2180997585405713
235,235,Miguel Angel Moya_2020_Real Sociedad,La Liga,1.23,68.6,23.1,0.03,51.3,4.7,1.77,0.5267041516953094
236,236,Alex Remiro_2020_Real Sociedad,La Liga,1.28,73.1,24.0,-0.08,39.6,2.0,1.68,0.33541514003037187
237,237,Predrag Rajkovic_2020_Reims,Ligue 1,0.67,80.5,44.4,0.26,32.5,6.8,0.74,3.156109069347988
238,238,Edouard Mendy_2020_Rennes,Ligue 1,0.79,79.7,37.5,0.11,45.9,9.9,0.92,2.6310789522359093
239,239,Pau Lopez_2020_Roma,Serie A,1.41,72.0,15.6,-0.02,45.1,2.4,1.38,-0.00026223488775700373
240,240,Etrit Berisha_2020_SPAL,Serie A,1.69,74.1,11.5,0.13,42.2,2.9,0.81,-0.03909444289753782
241,241,Karlo Letica_2020_SPAL,Serie A,2.9,55.4,0.0,-0.91,35.5,3.0,0.3,-5.988784289211027
242,242,Stephane Ruffier_2020_Saint-Etienne,Ligue 1,1.82,63.0,13.6,-0.31,35.5,3.6,0.68,-2.12797478928874
243,243,Emil Audero_2020_Sampdoria,Serie A,1.67,67.9,25.0,-0.23,36.0,2.7,0.89,-0.9469624270864565
244,244,Andrea Consigli_2020_Sassuolo,Serie A,1.77,66.9,16.1,-0.23,33.6,4.4,0.97,-1.473631948520097
245,245,Alexander Nubel_2020_Schalke 04,Bundesliga,1.56,69.5,19.2,-0.09,33.5,6.5,0.89,-0.5283728204935324
246,246,Markus Schubert_2020_Schalke 04,Bundesliga,2.18,70.9,25.0,0.06,28.4,4.0,0.97,-0.7204588518376666
247,247,Yassine Bounou_2020_Sevilla,La Liga,0.55,90.0,80.0,0.31,45.3,1.4,0.18,5.544492879436913
248,248,Tomas Vaclik_2020_Sevilla,La Liga,0.95,69.8,36.4,-0.08,38.7,4.4,0.86,0.9283920877009848
249,249,Dean Henderson_2020_Sheffield Utd,Premier League,0.92,75.0,36.1,0.17,31.2,3.6,0.64,1.801281264870724
250,250,Angus Gunn_2020_Southampton,Premier League,2.5,58.2,20.0,-0.75,21.3,2.9,1.2,-4.33361160027985
251,251,Alex McCarthy_2020_Southampton,Premier League,1.25,69.9,25.0,0.11,36.2,5.7,0.96,0.5966116986688178
252,252,Matz Sels_2020_Strasbourg,Ligue 1,1.19,75.0,29.6,0.05,43.4,5.1,0.33,1.1592764305368162
253,253,Salvatore Sirigu_2020_Torino,Serie A,1.78,72.1,19.4,-0.05,46.5,3.7,0.5,-0.36608290989488557
254,254,Paulo Gazzaniga_2020_Tottenham,Premier League,1.45,72.0,11.8,-0.13,26.7,2.7,0.89,-0.7708653679947822
255,255,Hugo Lloris_2020_Tottenham,Premier League,1.05,80.8,28.6,0.52,41.7,5.1,0.4,2.8367639796972624
256,256,Baptiste Reynet_2020_Toulouse,Ligue 1,2.17,61.0,9.1,-0.49,39.1,2.5,1.02,-3.246508411880007
257,257,Juan Musso_2020_Udinese,Serie A,1.34,77.8,36.8,0.03,43.7,4.3,0.53,1.4202110467772686
258,258,Rafal Gikiewicz_2020_Union Berlin,Bundesliga,1.64,67.9,24.2,-0.12,45.4,6.2,1.12,-0.43438665109224966
259,259,Jasper Cillessen_2020_Valencia,La Liga,1.29,78.0,20.8,0.01,31.7,1.6,0.56,0.5945314695773013
260,260,Jaume Domenech_2020_Valencia,La Liga,1.56,72.8,21.4,-0.13,40.8,2.6,0.41,-0.28541401338669453
261,261,Jordi Masip_2020_Valladolid,La Liga,1.11,73.6,31.4,0.13,33.5,2.2,0.43,1.1846390132833104
262,262,Sergio Asenjo_2020_Villarreal,La Liga,1.21,75.2,32.4,-0.04,32.7,2.8,0.79,0.8464562999019072
263,263,Ben Foster_2020_Watford,Premier League,1.68,68.5,23.7,0.04,32.7,5.2,1.45,-0.2797162315417666
264,264,Jiri Pavlenka_2020_Werder Bremen,Bundesliga,2.03,60.9,12.1,-0.44,40.4,2.0,0.91,-2.8526121948338643
265,265,Lukasz Fabianski_2020_West Ham,Premier League,1.45,70.2,20.0,0.0,41.5,2.9,0.34,-0.08646451458794836
266,266,Roberto_2020_West Ham,Premier League,2.23,68.6,0.0,0.25,29.1,0.0,1.31,-1.5068317643653935
267,267,Koen Casteels_2020_Wolfsburg,Bundesliga,1.46,67.6,19.2,-0.14,44.5,5.1,1.31,-0.5057138418177434
268,268,Pavao Pervan_2020_Wolfsburg,Bundesliga,1.0,81.1,37.5,0.42,40.0,2.9,1.5,3.007149914867662
269,269,Rui Patricio_2020_Wolves,Premier League,1.05,69.8,34.2,-0.09,47.3,3.8,0.29,0.7910019914481585
270,270,Fernando Pacheco_2021_Alaves,La Liga,1.53,61.7,24.3,-0.16,50.7,3.4,0.99,-0.8654566624747823
271,271,Paul Bernardoni_2021_Angers,Ligue 1,1.53,63.3,23.7,-0.09,31.4,3.7,0.45,-0.9325328213825287
272,272,Stefan Ortega_2021_Arminia,Bundesliga,1.53,72.4,32.4,0.09,46.5,3.2,1.29,0.8154121809392585
273,273,Bernd Leno_2021_Arsenal,Premier League,1.06,69.2,31.4,-0.02,26.6,3.7,0.95,0.5003444944098632
274,274,Emiliano Martinez_2021_Aston Villa,Premier League,1.21,78.0,39.5,0.11,38.7,6.9,0.89,1.8848930597019697
275,275,Pierluigi Gollini_2021_Atalanta,Serie A,1.09,66.2,36.0,0.0,39.7,2.6,1.63,0.6775274434695392
276,276,Marco Sportiello_2021_Atalanta,Serie A,1.5,57.4,15.4,-0.26,44.0,5.6,1.93,-1.7361008783386227
277,277,Unai Simon_2021_Athletic Club,La Liga,1.08,67.6,24.3,-0.08,41.9,4.5,0.92,0.20371728301426353
278,278,Jan Oblak_2021_Atletico Madrid,La Liga,0.66,80.3,47.4,0.29,37.5,2.7,0.71,3.320780164642106
279,279,Rafal Gikiewicz_2021_Augsburg,Bundesliga,1.59,73.0,20.6,0.07,34.2,5.3,1.06,0.1362835732197646
280,280,Neto_2021_Barcelona,La Liga,0.86,83.3,42.9,0.2,38.9,2.3,1.14,2.9724659182679005
281,281,Marc-Andre ter Stegen_2021_Barcelona,La Liga,1.03,72.6,35.5,-0.04,45.6,6.0,1.03,1.2703524821269097
282,282,Manuel Neuer_2021_Bayern Munich,Bundesliga,1.27,66.7,27.3,0.07,48.0,1.4,3.18,0.5423184986302472
283,283,Lorenzo Montipo_2021_Benevento,Serie A,2.0,59.3,18.9,-0.15,35.3,3.1,0.57,-2.074076307570128
284,284,Claudio Bravo_2021_Betis,La Liga,1.25,72.0,35.0,0.0,35.7,3.8,0.8,0.8132231068675903
285,285,Joel Robles_2021_Betis,La Liga,1.39,65.6,33.3,-0.01,34.2,4.1,1.78,0.10201839569011391
286,286,Angelo da Costa Junior_2021_Bologna,Serie A,1.5,70.4,16.7,-0.06,50.9,5.8,1.67,-0.09775860674593205
287,287,Lukasz Skorupski_2021_Bologna,Serie A,1.64,72.1,14.3,0.09,35.8,5.2,0.75,-0.1788457152805718
288,288,Benoit Costil_2021_Bordeaux,Ligue 1,1.47,68.6,36.8,-0.18,43.3,2.9,0.79,0.024672743241425637
289,289,Gautier Larsonneur_2021_Brest,Ligue 1,1.77,68.0,17.1,-0.18,45.5,4.7,0.69,-1.0510624286574948
290,290,Mathew Ryan_2021_Brighton,Premier League,1.73,55.9,18.2,-0.49,37.8,4.4,0.36,-2.7943731341126927
291,291,Robert Sanchez_2021_Brighton,Premier League,1.0,72.5,37.0,-0.1,36.7,6.5,1.07,1.0834468650177742
292,292,Nick Pope_2021_Burnley,Premier League,1.16,77.2,34.4,0.13,36.3,6.1,2.28,1.7675761958805911
293,293,Alessio Cragno_2021_Cagliari,Serie A,1.56,73.6,17.6,0.03,40.8,3.6,0.65,0.05254188369819956
294,294,Ruben Blanco_2021_Celta Vigo,La Liga,1.48,57.4,21.1,-0.24,34.9,1.3,0.77,-1.766786276897843
295,295,Ivan Villar_2021_Celta Vigo,La Liga,1.52,68.8,26.3,-0.1,29.6,2.2,1.57,-0.411087375408446
296,296,Kepa Arrizabalaga_2021_Chelsea,Premier League,1.23,69.6,33.3,0.0,39.6,4.4,0.15,0.6218760879247219
297,297,Edouard Mendy_2021_Chelsea,Premier League,0.82,71.6,51.6,-0.07,36.0,5.1,0.89,1.7940416529821994
298,298,Alex Cordaz_2021_Crotone,Serie A,2.53,58.5,5.6,-0.47,38.8,3.2,1.0,-3.9464135750978704
299,299,Vicente Guaita_2021_Crystal Palace,Premier League,1.73,63.9,21.6,-0.37,34.3,3.1,0.65,-1.8246505134496174
300,300,Jeremias Ledesma_2021_Cadiz,La Liga,1.41,70.9,28.1,0.02,41.0,6.1,0.66,0.4531735335515232
301,301,Saturnin Allagbe_2021_Dijon,Ligue 1,2.5,56.1,25.0,-0.72,35.3,3.0,1.42,-3.9980418327993466
302,302,Anthony Racioppi_2021_Dijon,Ligue 1,1.57,67.7,14.3,0.02,32.7,2.1,0.62,-0.7338539821769133
303,303,Roman Burki_2021_Dortmund,Bundesliga,1.62,71.7,22.2,-0.09,37.3,2.1,0.7,-0.36747875200360597
304,304,Marwin Hitz_2021_Dortmund,Bundesliga,1.03,68.2,43.8,0.0,48.4,4.5,0.52,1.312712365576652
305,305,Marko Dmitrovic_2021_Eibar,La Liga,1.41,64.3,25.7,-0.11,39.3,3.6,1.38,-0.5013078196819741
306,306,Kevin Trapp_2021_Eint Frankfurt,Bundesliga,1.58,68.0,12.1,-0.16,38.7,3.1,1.55,-1.0563579642147263
307,307,Edgar Badia_2021_Elche,La Liga,1.53,70.9,16.7,0.22,45.9,1.8,1.03,0.3596800419990633
308,308,Paulo Gazzaniga_2021_Elche,La Liga,1.13,63.6,25.0,-0.21,39.1,2.2,0.38,-0.58230719098097
309,309,Robin Olsen_2021_Everton,Premier League,1.29,73.3,28.6,0.07,38.7,4.5,0.57,0.8426873179037354
310,310,Jordan Pickford_2021_Everton,Premier League,1.28,71.1,32.3,0.0,39.0,4.3,1.02,0.6836015000772477
311,311,Bartlomiej Dragowski_2021_Fiorentina,Serie A,1.57,66.7,19.4,0.06,36.3,4.9,0.77,-0.3939676356766086
312,312,Florian Muller_2021_Freiburg,Bundesliga,1.48,72.0,19.4,0.04,29.7,1.7,1.16,-0.07504677977829703
313,313,Alphonse Areola_2021_Fulham,Premier League,1.33,73.9,25.0,0.1,37.0,5.2,0.86,0.7845184018982367
314,314,Mattia Perin_2021_Genoa,Serie A,1.38,76.6,25.0,0.17,33.8,3.5,0.56,0.9930584917375102
315,315,David Soria_2021_Getafe,La Liga,1.11,69.1,35.7,0.03,39.9,3.8,1.64,0.9713942831612145
316,316,Ruben Yanez_2021_Getafe,La Liga,1.2,63.3,40.0,-0.1,43.2,3.9,0.4,0.2416444237919041
317,317,Rui Silva_2021_Granada,La Liga,1.72,63.5,25.0,-0.17,37.0,2.2,1.59,-1.1596420770536915
318,318,Marco Silvestri_2021_Hellas Verona,Serie A,1.24,72.5,20.6,-0.1,28.1,2.0,0.61,-0.08951163476875834
319,319,Rune Jarstein_2021_Hertha BSC,Bundesliga,1.62,63.6,12.5,-0.5,39.0,1.6,0.38,-2.3433309297135465
320,320,Alexander Schwolow_2021_Hertha BSC,Bundesliga,1.5,69.4,30.8,0.0,43.8,2.7,0.73,0.2535185616310577
321,321,Oliver Baumann_2021_Hoffenheim,Bundesliga,1.65,65.9,19.4,0.01,32.9,3.4,1.71,-0.7016509769685827
322,322,Alvaro Fernandez_2021_Huesca,La Liga,1.45,68.4,22.7,-0.04,39.1,4.3,1.05,-0.18298531248950073
323,323,Andres Fernandez_2021_Huesca,La Liga,1.31,66.7,25.0,-0.12,34.5,1.6,0.69,-0.40993453381600997
324,324,Samir Handanovic_2021_Inter,Serie A,0.92,73.6,37.8,-0.01,45.5,2.9,0.61,1.539082960771387
325,325,Gianluigi Buffon_2021_Juventus,Serie A,0.62,85.7,37.5,0.07,40.3,0.8,1.13,2.9223915820547153
326,326,Wojciech Szczesny_2021_Juventus,Serie A,1.08,71.4,16.7,-0.01,51.0,3.0,1.24,0.5125311080500923
327,327,Timo Horn_2021_Koln,Bundesliga,1.76,66.5,14.7,-0.16,44.2,3.0,0.9,-1.24561038603256
328,328,Pepe Reina_2021_Lazio,Serie A,1.41,70.8,31.0,-0.05,44.4,2.4,0.59,0.3531795610506708
329,329,Thomas Strakosha_2021_Lazio,Serie A,1.56,68.4,33.3,-0.14,55.6,3.4,0.56,0.05928661698875347
330,330,Illan Meslier_2021_Leeds United,Premier League,1.49,76.6,31.4,-0.1,32.8,5.4,0.54,0.4861557598565418
331,331,Kasper Schmeichel_2021_Leicester City,Premier League,1.32,66.2,28.9,-0.15,37.4,4.1,0.5,-0.2937094957569075
332,332,Jean-Louis Leca_2021_Lens,Ligue 1,1.39,69.9,21.6,-0.15,37.7,3.5,0.79,-0.35390105560945745
333,333,Cardenas_2021_Levante,La Liga,1.37,71.8,12.5,0.03,37.1,1.6,2.0,-0.07370095226372293
334,334,Aitor Fernandez_2021_Levante,La Liga,1.52,65.8,10.3,-0.19,35.6,1.5,1.86,-1.3624268174263325
335,335,Lukas Hradecky_2021_Leverkusen,Bundesliga,1.02,66.3,27.6,-0.01,35.6,6.2,2.04,0.47195262846378017
336,336,Mike Maignan_2021_Lille,Ligue 1,0.61,79.4,55.3,0.21,31.3,5.5,1.16,3.4097079043989473
337,337,Alisson_2021_Liverpool,Premier League,0.97,75.7,30.3,0.09,38.1,5.9,2.64,1.6752415782985506
338,338,Matthieu Dreyer_2021_Lorient,Ligue 1,1.67,66.1,13.3,-0.22,37.8,0.5,0.4,-1.5553154670253986
339,339,Paul Nardi_2021_Lorient,Ligue 1,1.87,64.9,13.0,-0.41,28.8,3.5,0.74,-2.4057701017020774
340,340,Anthony Lopes_2021_Lyon,Ligue 1,1.13,71.6,28.9,-0.12,44.4,2.0,1.58,0.5575345825852125
341,341,Yann Sommer_2021_M'Gladbach,Bundesliga,1.66,66.7,19.4,-0.33,40.3,1.8,1.0,-1.4218033186113903
342,342,Robin Zentner_2021_Mainz 05,Bundesliga,1.48,71.1,16.1,-0.13,29.1,6.8,1.19,-0.5643719304649588
343,343,Ederson_2021_Manchester City,Premier League,0.78,77.4,52.8,0.05,40.6,6.1,1.22,2.7422469142360213
344,344,David de Gea_2021_Manchester Utd,Premier League,1.25,68.9,34.6,-0.08,38.5,0.6,1.1,0.3560443648430607
345,345,Dean Henderson_2021_Manchester Utd,Premier League,0.96,76.5,33.3,-0.06,20.7,5.3,1.52,1.1436420731712775
346,346,Steve Mandanda_2021_Marseille,Ligue 1,1.22,66.9,21.6,-0.14,29.1,3.9,0.95,-0.47961651365885405
347,347,Alexandre Oukidja_2021_Metz,Ligue 1,1.12,77.2,23.5,0.04,39.4,7.3,1.38,1.2132445826294092
348,348,Gianluigi Donnarumma_2021_Milan,Serie A,1.03,71.4,37.8,-0.04,41.6,5.2,1.16,1.1887106173526127
349,349,Benjamin Lecomte_2021_Monaco,Ligue 1,0.96,64.7,46.4,-0.15,33.9,2.9,2.21,0.6999701251939322
350,350,Vito Mannone_2021_Monaco,Ligue 1,1.56,63.6,22.2,-0.15,35.8,1.1,1.11,-1.0922400237741328
351,351,Dimitry Bertaud_2021_Montpellier,Ligue 1,1.33,76.2,42.9,0.36,52.2,4.8,0.24,2.450920140121989
352,352,Jonas Omlin_2021_Montpellier,Ligue 1,1.72,74.2,6.5,0.01,43.8,5.4,0.54,-0.4741960036492036
353,353,Alban Lafont_2021_Nantes,Ligue 1,1.45,73.2,13.2,-0.07,31.0,4.5,0.95,-0.36799643214117134
354,354,Alex Meret_2021_Napoli,Serie A,1.32,66.7,27.3,-0.08,45.5,3.3,0.59,-0.03129524986848489
355,355,David Ospina_2021_Napoli,Serie A,0.75,78.6,50.0,0.12,47.9,7.8,0.69,3.0561802704560734
356,356,Karl Darlow_2021_Newcastle Utd,Premier League,1.72,68.3,16.0,-0.15,34.7,4.5,0.4,-1.133446758989721
357,357,Martin Dubravka_2021_Newcastle Utd,Premier League,1.46,71.0,23.1,-0.11,42.2,3.7,0.85,-0.11988967127418904
358,358,Walter Benitez_2021_Nice,Ligue 1,1.39,73.9,23.7,-0.06,31.8,4.2,0.53,0.1566692343510288
359,359,Baptiste Reynet_2021_Nimes,Ligue 1,1.87,66.8,21.1,-0.18,34.7,2.8,1.08,-1.3065668433997777
360,360,Sergio Herrera_2021_Osasuna,La Liga,1.22,71.4,31.3,0.05,43.7,5.4,2.1,1.0276506920566122
361,361,Keylor Navas_2021_Paris S-G,Ligue 1,0.64,81.5,48.3,0.28,46.8,0.0,0.89,3.5467152045574757
362,362,Sergio Rico_2021_Paris S-G,Ligue 1,1.0,75.0,62.5,0.24,26.1,0.0,1.11,2.7288597364275464
363,363,Luigi Sepe_2021_Parma,Serie A,2.11,59.1,13.9,-0.45,53.8,2.6,0.67,-2.831386043439457
364,364,Peter Gulacsi_2021_RB Leipzig,Bundesliga,0.91,66.3,45.5,-0.1,43.2,4.8,1.97,1.1475140530614318
365,365,Thibaut Courtois_2021_Real Madrid,La Liga,0.74,81.9,44.7,0.15,29.7,5.5,1.16,2.882689935524412
366,366,Alex Remiro_2021_Real Sociedad,La Liga,1.0,66.7,36.8,-0.05,39.2,2.2,1.24,0.694052588560912
367,367,Predrag Rajkovic_2021_Reims,Ligue 1,1.34,72.2,27.0,0.05,30.0,1.9,0.93,0.41258178750872787
368,368,Alfred Gomis_2021_Rennes,Ligue 1,1.14,71.1,22.7,-0.1,39.7,3.2,1.59,0.27394456805628437
369,369,Romain Salin_2021_Rennes,Ligue 1,0.93,74.1,33.3,-0.08,38.4,1.8,2.6,1.214981814777398
370,370,Pau Lopez_2021_Roma,Serie A,1.44,69.4,20.0,-0.03,35.5,4.0,1.49,-0.20791659890941808
371,371,Antonio Mirante_2021_Roma,Serie A,1.48,69.6,38.5,-0.27,43.4,0.6,1.95,-0.038583340070510064
372,372,Etienne Green_2021_Saint-Etienne,Ligue 1,1.0,78.6,37.5,0.36,35.9,4.2,0.88,2.5949694201731774
373,373,Jessy Moulin_2021_Saint-Etienne,Ligue 1,1.45,62.0,31.0,-0.34,32.1,4.2,0.45,-1.23580113454609
374,374,Emil Audero_2021_Sampdoria,Serie A,1.46,72.8,16.2,-0.03,39.2,2.1,0.92,-0.12882758696199795
375,375,Andrea Consigli_2021_Sassuolo,Serie A,1.51,71.9,18.9,-0.04,37.0,5.1,0.92,-0.14770951252283945
376,376,Ralf Fahrmann_2021_Schalke 04,Bundesliga,2.4,67.1,13.6,-0.31,26.0,3.2,0.96,-2.646010725130324
377,377,Frederik Ronnow_2021_Schalke 04,Bundesliga,2.29,70.1,10.0,-0.04,37.6,6.1,1.24,-1.5036411745024025
378,378,Yassine Bounou_2021_Sevilla,La Liga,0.85,77.4,45.5,0.05,43.6,5.8,1.03,2.4135988279416876
379,379,Aaron Ramsdale_2021_Sheffield Utd,Premier League,1.66,70.9,13.2,-0.15,32.2,5.7,0.89,-0.9460540727433533
380,380,Fraser Forster_2021_Southampton,Premier League,1.37,71.0,25.0,-0.16,22.4,4.2,1.75,-0.3097361619242459
381,381,Alex McCarthy_2021_Southampton,Premier League,1.9,65.3,23.3,-0.32,25.1,6.3,1.03,-1.786505612800745
382,382,Ivan Provedel_2021_Spezia,Serie A,1.9,62.6,13.8,-0.24,37.8,3.0,1.59,-2.0014349179825834
383,383,Jeroen Zoet_2021_Spezia,Serie A,1.79,69.0,0.0,-0.3,36.6,8.3,1.64,-1.9260012472475856
384,384,Bingourou Kamara_2021_Strasbourg,Ligue 1,1.75,59.4,25.0,-0.34,40.6,1.1,0.25,-1.970484770057209
385,385,Eiji Kawashima_2021_Strasbourg,Ligue 1,1.29,69.2,33.3,0.0,48.3,3.2,0.46,0.649977765758596
386,386,Matz Sels_2021_Strasbourg,Ligue 1,2.17,57.7,0.0,-0.63,37.6,4.7,0.33,-4.195352705013269
387,387,Gregor Kobel_2021_Stuttgart,Bundesliga,1.64,68.8,15.2,-0.02,40.0,3.7,1.27,-0.5990708484153366
388,388,Salvatore Sirigu_2021_Torino,Serie A,1.94,59.7,21.9,-0.36,40.2,2.3,0.66,-2.2919423901992855
389,389,Hugo Lloris_2021_Tottenham,Premier League,1.18,77.4,31.6,0.1,39.0,3.9,0.63,1.4732225733712419
390,390,Juan Musso_2021_Udinese,Serie A,1.46,74.5,22.9,0.0,43.4,5.4,0.51,0.44453596315646454
391,391,Andreas Luthe_2021_Union Berlin,Bundesliga,1.37,71.2,16.1,-0.04,37.9,4.8,0.65,-0.14923389552169983
392,392,Jasper Cillessen_2021_Valencia,La Liga,1.1,77.8,30.0,0.03,35.8,1.8,1.1,1.3033055661028665
393,393,Jaume Domenech_2021_Valencia,La Liga,1.5,70.8,14.3,-0.11,47.0,1.6,0.71,-0.4939437429794174
394,394,Jordi Masip_2021_Valladolid,La Liga,1.6,68.7,8.0,-0.06,31.6,1.6,0.72,-1.141544520103637
395,395,Roberto_2021_Valladolid,La Liga,1.31,67.4,7.7,-0.15,29.9,0.5,0.77,-1.1706629385960055
396,396,Sergio Asenjo_2021_Villarreal,La Liga,1.11,72.0,27.8,-0.06,38.7,4.8,0.89,0.6441182916993803
397,397,Jiri Pavlenka_2021_Werder Bremen,Bundesliga,1.68,66.2,17.6,-0.16,45.8,3.0,0.88,-1.039929517021116
398,398,Sam Johnstone_2021_West Brom,Premier League,2.0,71.4,16.2,-0.1,33.0,3.1,1.03,-1.1203721315763067
399,399,Lukasz Fabianski_2021_West Ham,Premier League,1.26,70.3,28.6,0.02,39.1,5.0,0.43,0.5346849165586085
400,400,Koen Casteels_2021_Wolfsburg,Bundesliga,1.03,72.2,43.8,0.02,41.3,5.6,1.78,1.6621011837809738
401,401,Rui Patricio_2021_Wolves,Premier League,1.38,70.3,27.0,-0.07,41.8,3.8,0.32,0.12588032009630593
402,402,Fernando Pacheco_2022_Alaves,La Liga,1.77,62.8,14.7,-0.24,47.8,4.4,1.27,-1.6239233081170235
403,403,Paul Bernardoni_2022_Angers,Ligue 1,1.46,65.2,30.8,-0.24,41.4,10.9,1.08,-0.4259386220656864
404,404,Anthony Mandrea_2022_Angers,Ligue 1,1.4,68.2,20.0,-0.04,26.6,4.3,0.8,-0.4560399711182789
405,405,Danijel Petkovic_2022_Angers,Ligue 1,1.47,69.2,13.3,-0.07,31.0,7.6,1.07,-0.6219094047762624
406,406,Stefan Ortega_2022_Arminia,Bundesliga,1.61,73.9,18.2,0.15,45.7,2.1,1.39,0.41404497033722976
407,407,Aaron Ramsdale_2022_Arsenal,Premier League,1.15,73.4,35.3,0.0,27.9,6.3,1.76,1.0453019418016605
408,408,Emiliano Martinez_2022_Aston Villa,Premier League,1.33,68.6,30.6,-0.11,36.0,7.2,0.92,0.1153700205157543
409,409,Juan Musso_2022_Atalanta,Serie A,1.29,67.2,24.2,-0.05,42.2,9.1,1.2,0.11642803465369707
410,410,Unai Simon_2022_Athletic Club,La Liga,0.91,74.8,35.3,0.06,39.1,5.5,1.03,1.7003465108435725
411,411,Jan Oblak_2022_Atletico Madrid,La Liga,1.13,66.0,31.6,-0.2,28.4,5.7,0.76,-0.19082711652356715
412,412,Rafal Gikiewicz_2022_Augsburg,Bundesliga,1.65,67.3,26.5,-0.05,40.2,4.5,1.5,-0.3390636780306216
413,413,Marc-Andre ter Stegen_2022_Barcelona,La Liga,0.97,70.6,31.4,-0.11,51.0,4.4,0.97,0.9116299025218393
414,414,Manuel Neuer_2022_Bayern Munich,Bundesliga,0.93,71.9,35.7,-0.07,49.3,3.4,3.41,1.4187877572189207
415,415,Sven Ulreich_2022_Bayern Munich,Bundesliga,1.83,56.5,16.7,-0.22,31.3,5.6,1.67,-2.2769289978428513
416,416,Claudio Bravo_2022_Betis,La Liga,1.17,67.9,29.4,0.1,40.1,2.4,0.56,0.6397905060744513
417,417,Rui Silva_2022_Betis,La Liga,0.96,75.0,38.1,-0.02,33.5,5.3,1.47,1.5040516041032543
418,418,Manuel Riemann_2022_Bochum,Bundesliga,1.45,72.9,22.6,0.08,46.2,6.6,2.37,0.698277476222977
419,419,Lukasz Skorupski_2022_Bologna,Serie A,1.47,74.1,33.3,0.06,42.0,5.4,0.39,0.9049302971041014
420,420,Benoit Costil_2022_Bordeaux,Ligue 1,2.48,57.1,0.0,-0.68,42.7,2.5,1.56,-4.62450363291182
421,421,Gaetan Poussin_2022_Bordeaux,Ligue 1,2.23,55.7,15.4,-0.51,37.9,5.2,3.08,-3.37248221821084
422,422,Alvaro Fernandez_2022_Brentford,Premier League,2.0,66.7,8.3,-0.17,29.6,4.6,1.5,-1.9415353285159513
423,423,David Raya_2022_Brentford,Premier League,1.13,77.7,33.3,-0.03,42.7,6.7,1.46,1.4861764925508625
424,424,Marco Bizot_2022_Brest,Ligue 1,1.5,68.8,18.4,-0.1,46.5,3.0,0.89,-0.43698572325002843
425,425,Robert Sanchez_2022_Brighton,Premier League,1.14,72.3,29.7,-0.03,28.2,11.6,0.97,0.7669919655459436
426,426,Nick Pope_2022_Burnley,Premier League,1.31,74.5,25.0,-0.05,39.5,7.6,2.22,0.6780135786909373
427,427,Alessio Cragno_2022_Cagliari,Serie A,1.8,66.1,5.7,-0.27,45.7,4.5,0.94,-1.8635450512785088
428,428,Matias Dituro_2022_Celta Vigo,La Liga,1.13,71.3,36.8,0.06,37.7,8.0,0.97,1.2513891816713292
429,429,Edouard Mendy_2022_Chelsea,Premier League,0.91,75.5,41.2,-0.05,43.0,7.5,1.35,1.8433101371394407
430,430,Arthur Desmas_2022_Clermont Foot,Ligue 1,2.28,54.5,20.0,-0.67,24.1,3.1,0.28,-4.1765398787174695
431,431,Ouparine Djoco_2022_Clermont Foot,Ligue 1,1.53,65.7,21.7,-0.24,30.5,7.6,1.19,-1.0561355617160753
432,432,Jack Butland_2022_Crystal Palace,Premier League,1.53,53.6,12.5,-0.16,26.9,7.9,0.82,-2.229939164956505
433,433,Vicente Guaita_2022_Crystal Palace,Premier League,1.12,74.1,36.7,-0.14,37.2,4.4,1.22,0.9275219233042082
434,434,Jeremias Ledesma_2022_Cadiz,La Liga,1.34,76.5,34.2,0.05,34.3,7.2,0.74,1.197468735957376
435,435,Gregor Kobel_2022_Dortmund,Bundesliga,1.37,67.3,24.1,0.01,32.1,5.0,1.72,-0.05620682425864804
436,436,Kevin Trapp_2022_Eint Frankfurt,Bundesliga,1.44,73.2,15.6,0.18,29.1,4.5,1.34,0.3223808648052197
437,437,Edgar Badia_2022_Elche,La Liga,1.46,75.4,20.8,0.1,44.6,4.3,1.71,0.7420963318186176
438,438,Kiko Casilla_2022_Elche,La Liga,1.21,71.7,21.4,0.01,34.4,3.7,1.07,0.34403847928002623
439,439,Guglielmo Vicario_2022_Empoli,Serie A,1.84,69.9,18.4,0.03,34.5,5.8,1.0,-0.570112923920156
440,440,Diego Lopez_2022_Espanyol,La Liga,1.39,70.7,25.0,0.09,36.8,5.7,1.22,0.46971094729910773
441,441,Jordan Pickford_2022_Everton,Premier League,1.66,66.5,20.0,-0.07,34.8,4.4,1.0,-0.8251148087232186
442,442,Bartlomiej Dragowski_2022_Fiorentina,Serie A,1.29,73.1,28.6,0.02,44.3,3.3,3.24,0.9359488333801634
443,443,Pietro Terracciano_2022_Fiorentina,Serie A,1.35,59.0,29.0,-0.29,42.5,7.6,1.6,-0.9906524110580387
444,444,Mark Flekken_2022_Freiburg,Bundesliga,1.22,73.8,31.3,0.05,38.7,3.0,1.09,1.0172242921739885
445,445,Salvatore Sirigu_2022_Genoa,Serie A,1.59,69.4,27.0,-0.17,42.5,2.9,0.54,-0.4292513305553661
446,446,David Soria_2022_Getafe,La Liga,1.08,70.5,34.2,0.02,42.4,4.4,1.19,1.0623635188719474
447,447,Luis Maximiano_2022_Granada,La Liga,1.58,71.8,20.0,0.09,31.8,5.1,1.55,0.06691965910386966
448,448,Sascha Burchert_2022_Greuther Furth,Bundesliga,2.0,65.3,21.4,-0.22,36.8,3.6,1.71,-1.5720156930645208
449,449,Marius Funk_2022_Greuther Furth,Bundesliga,3.75,48.1,0.0,-0.47,35.7,7.4,2.38,-6.296427137549804
450,450,Andreas Linde_2022_Greuther Furth,Bundesliga,2.0,62.9,25.0,-0.27,29.9,5.7,0.83,-1.8599861978779906
451,451,Lorenzo Montipo_2022_Hellas Verona,Serie A,1.47,65.0,11.8,-0.22,32.8,4.2,0.68,-1.4361463449972867
452,452,Marcel Lotka_2022_Hertha BSC,Bundesliga,2.03,65.3,22.2,-0.63,33.5,9.0,1.02,-2.524671305853701
453,453,Alexander Schwolow_2022_Hertha BSC,Bundesliga,2.11,62.6,16.0,-0.36,37.8,4.2,1.32,-2.4446463922505455
454,454,Oliver Baumann_2022_Hoffenheim,Bundesliga,1.73,64.5,24.2,-0.14,35.1,6.4,1.97,-0.9628421142999812
455,455,Samir Handanovic_2022_Inter,Serie A,0.81,79.0,40.5,0.11,46.2,3.8,0.27,2.4898551337064205
456,456,Wojciech Szczesny_2022_Juventus,Serie A,0.88,75.2,36.4,0.05,45.4,5.0,0.76,1.8577798497938456
457,457,Timo Horn_2022_Koln,Bundesliga,1.62,62.5,7.7,-0.02,40.4,2.7,1.46,-1.3535073391146202
458,458,Marvin Schwabe_2022_Koln,Bundesliga,1.33,71.4,14.3,0.21,42.6,3.2,0.71,0.4834578601245718
459,459,Pepe Reina_2022_Lazio,Serie A,1.93,58.3,13.3,-0.36,49.6,5.4,0.67,-2.490071060812845
460,460,Thomas Strakosha_2022_Lazio,Serie A,1.26,67.4,30.4,0.03,49.1,3.9,0.7,0.5514823440584184
461,461,Illan Meslier_2022_Leeds United,Premier League,2.1,66.4,13.2,-0.43,26.3,5.3,1.2,-2.574210859261874
462,462,Kasper Schmeichel_2022_Leicester City,Premier League,1.57,72.7,18.9,-0.04,39.9,2.8,1.03,-0.15650137350077153
463,463,Wuilker Farinez_2022_Lens,Ligue 1,1.22,68.9,27.3,-0.15,30.5,9.4,1.71,0.06259110700173157
464,464,Jean-Louis Leca_2022_Lens,Ligue 1,1.28,70.0,18.5,-0.05,41.7,6.5,0.93,0.0484257716945662
465,465,Cardenas_2022_Levante,La Liga,1.92,65.0,20.8,-0.19,31.1,3.0,1.08,-1.595075552670735
466,466,Aitor Fernandez_2022_Levante,La Liga,2.24,65.4,15.4,-0.42,38.3,5.1,1.62,-2.4995989158043272
467,467,Lukas Hradecky_2022_Leverkusen,Bundesliga,1.37,72.7,25.0,-0.07,34.1,4.4,1.41,0.20799868266558227
468,468,Ivo Grbic_2022_Lille,Ligue 1,1.33,69.4,9.5,-0.18,36.3,5.2,0.62,-0.8411312859397502
469,469,Alisson_2022_Liverpool,Premier League,0.67,75.8,55.6,0.04,44.2,6.5,2.47,2.974771160549804
470,470,Matthieu Dreyer_2022_Lorient,Ligue 1,1.56,57.9,43.8,-0.36,33.0,2.2,0.63,-1.27437403137798
471,471,Paul Nardi_2022_Lorient,Ligue 1,1.73,62.6,18.2,-0.2,24.0,1.2,0.68,-1.8564051995620652
472,472,Anthony Lopes_2022_Lyon,Ligue 1,1.36,71.6,23.5,0.02,43.0,4.1,0.85,0.3927753001911974
473,473,Julian Pollersbeck_2022_Lyon,Ligue 1,1.24,92.0,25.0,0.31,37.1,2.1,1.44,2.771063248087251
474,474,Yann Sommer_2022_M'Gladbach,Bundesliga,1.82,68.7,15.2,-0.09,33.5,4.4,1.66,-1.0526654187466309
475,475,Robin Zentner_2022_Mainz 05,Bundesliga,1.31,68.3,31.3,-0.06,30.6,6.9,2.13,0.2426917651877378
476,476,Manolo Reina_2022_Mallorca,La Liga,1.24,68.0,38.1,0.11,39.2,4.2,0.43,0.9333095670653706
477,477,Sergio Rico_2022_Mallorca,La Liga,2.07,54.4,7.1,-0.4,46.8,1.0,0.36,-3.455131169608843
478,478,Ederson_2022_Manchester City,Premier League,0.7,69.9,54.1,-0.01,47.8,7.0,1.49,2.3114158929222812
479,479,David de Gea_2022_Manchester Utd,Premier League,1.5,70.0,21.1,0.03,32.7,1.5,0.66,-0.20252382691497017
480,480,Pau Lopez_2022_Marseille,Ligue 1,1.07,68.6,34.5,-0.04,31.9,7.0,1.59,0.7107508134101773
481,481,Steve Mandanda_2022_Marseille,Ligue 1,0.78,73.1,55.6,0.08,38.5,4.4,2.33,2.579302446904416
482,482,Marc-Aurele Caillard_2022_Metz,Ligue 1,1.75,67.8,29.4,-0.15,37.3,3.8,0.76,-0.6569329455303587
483,483,Alexandre Oukidja_2022_Metz,Ligue 1,1.87,60.4,14.3,-0.35,39.1,12.2,2.02,-2.1216152910699115
484,484,Mike Maignan_2022_Milan,Serie A,0.66,81.2,53.1,0.13,42.0,7.2,1.41,3.443445398963856
485,485,Ciprian Tatarusanu_2022_Milan,Serie A,1.67,66.7,16.7,-0.02,44.6,7.3,0.5,-0.6340195875276332
486,486,Alexander Nubel_2022_Monaco,Ligue 1,1.05,77.3,28.9,0.12,38.6,5.4,1.21,1.631032985922184
487,487,Dimitry Bertaud_2022_Montpellier,Ligue 1,2.16,68.4,22.2,-0.43,35.7,6.3,0.43,-2.025871028079008
488,488,Jonas Omlin_2022_Montpellier,Ligue 1,1.43,75.9,27.6,0.15,40.4,7.9,0.94,1.1589410743964157
489,489,Alban Lafont_2022_Nantes,Ligue 1,1.26,71.6,21.1,0.14,33.9,5.5,1.47,0.632329464442995
490,490,Alex Meret_2022_Napoli,Serie A,0.87,79.3,28.6,0.06,44.8,3.4,0.73,1.8723434746673817
491,491,David Ospina_2022_Napoli,Serie A,0.81,77.4,41.9,0.12,37.8,5.1,1.0,2.381792722733247
492,492,Karl Darlow_2022_Newcastle Utd,Premier League,1.87,64.9,0.0,-0.56,44.2,4.7,0.5,-2.991518827200734
493,493,Martin Dubravka_2022_Newcastle Utd,Premier League,1.35,67.9,30.8,0.0,41.6,6.1,0.54,0.34684336614147726
494,494,Walter Benitez_2022_Nice,Ligue 1,0.95,78.0,37.8,0.21,38.4,6.2,0.89,2.3490812968501973
495,495,Angus Gunn_2022_Norwich City,Premier League,2.44,64.9,11.1,-0.3,34.9,1.7,1.56,-2.7903463277596994
496,496,Tim Krul_2022_Norwich City,Premier League,2.14,66.7,17.2,-0.4,33.6,3.2,0.66,-2.341665034733174
497,497,Sergio Herrera_2022_Osasuna,La Liga,1.33,70.1,33.3,0.03,45.6,4.3,1.78,0.8075096153278771
498,498,Gianluigi Donnarumma_2022_Paris S-G,Ligue 1,1.0,73.8,29.4,0.09,42.6,6.3,2.0,1.4988049377689276
499,499,Keylor Navas_2022_Paris S-G,Ligue 1,0.87,79.5,33.3,0.01,39.7,2.1,0.97,1.8490019588440048
500,500,Peter Gulacsi_2022_RB Leipzig,Bundesliga,1.03,72.1,27.3,-0.03,37.7,4.0,1.85,0.8253608782348882
501,501,Stole Dimitrievski_2022_Rayo Vallecano,La Liga,1.2,76.2,30.0,0.05,32.9,8.6,1.14,1.2182304279428364
502,502,Luca Zidane_2022_Rayo Vallecano,La Liga,1.81,64.9,0.0,-0.14,44.7,10.0,0.84,-1.7703386572182018
503,503,Thibaut Courtois_2022_Real Madrid,La Liga,0.81,77.5,44.4,0.12,29.5,4.5,0.86,2.328086894107041
504,504,Alex Remiro_2022_Real Sociedad,La Liga,0.91,75.0,54.3,-0.02,41.8,3.9,1.37,2.2673133516921045
505,505,Predrag Rajkovic_2022_Reims,Ligue 1,1.16,75.8,28.9,-0.03,31.5,5.7,1.39,0.9298638235992397
506,506,Dogan Alemdar_2022_Rennes,Ligue 1,1.08,66.7,33.3,-0.06,36.7,5.5,2.0,0.5257571361524742
507,507,Alfred Gomis_2022_Rennes,Ligue 1,1.0,68.7,40.0,0.0,42.8,4.7,1.24,1.2043432626490298
508,508,Rui Patricio_2022_Roma,Serie A,1.13,74.0,39.5,0.03,44.3,3.1,0.68,1.46770816629582
509,509,Stefan Bajic_2022_Saint-Etienne,Ligue 1,2.29,62.1,0.0,0.04,37.3,4.9,1.94,-2.302603990673412
510,510,Paul Bernardoni_2022_Saint-Etienne,Ligue 1,1.95,65.6,15.8,-0.19,28.6,9.6,2.95,-1.5447883513291012
511,511,Etienne Green_2022_Saint-Etienne,Ligue 1,2.03,61.2,6.7,-0.08,38.6,3.5,1.05,-2.16179278553406
512,512,Vid Belec_2022_Salernitana,Serie A,2.28,65.9,4.8,-0.29,43.4,3.6,0.65,-2.6104003619829714
513,513,Luigi Sepe_2022_Salernitana,Serie A,1.55,73.1,6.3,0.04,51.9,4.3,0.84,-0.16963074591468008
514,514,Emil Audero_2022_Sampdoria,Serie A,1.69,63.8,17.2,-0.14,43.0,5.3,0.88,-1.198855155284117
515,515,Wladimiro Falcone_2022_Sampdoria,Serie A,1.47,75.9,22.2,-0.13,42.0,4.3,0.21,0.14015986659546184
516,516,Andrea Consigli_2022_Sassuolo,Serie A,1.71,67.8,8.1,-0.16,43.2,4.3,0.81,-1.3240862823614543
517,517,Yassine Bounou_2022_Sevilla,La Liga,0.77,78.0,41.9,0.09,40.2,6.4,0.77,2.4591685450320426
518,518,Marko Dmitrovic_2022_Sevilla,La Liga,0.83,73.7,66.7,-0.16,41.4,6.1,2.0,2.4776740698150967
519,519,Fraser Forster_2022_Southampton,Premier League,1.84,67.3,15.8,-0.03,31.8,6.7,1.26,-1.0199698383525868
520,520,Alex McCarthy_2022_Southampton,Premier League,1.59,62.0,29.4,-0.32,30.1,8.6,0.29,-1.3569683712103715
521,521,Ivan Provedel_2022_Spezia,Serie A,1.7,73.9,22.6,-0.04,33.4,5.9,0.81,-0.1260786203311243
522,522,Jeroen Zoet_2022_Spezia,Serie A,2.71,58.1,0.0,-0.84,29.0,2.1,0.86,-5.474267782135365
523,523,Matz Sels_2022_Strasbourg,Ligue 1,1.16,70.0,35.1,-0.19,40.9,2.7,1.05,0.39033862094372196
524,524,Florian Muller_2022_Stuttgart,Bundesliga,1.73,65.5,13.3,-0.16,39.1,3.8,1.23,-1.3833072404258302
525,525,Etrit Berisha_2022_Torino,Serie A,0.8,85.4,40.0,0.22,28.2,4.7,1.0,3.0216734187263934
526,526,Vanja Milinkovic-Savic_2022_Torino,Serie A,1.22,67.5,14.8,-0.23,29.1,6.2,0.81,-0.8582485679040444
527,527,Hugo Lloris_2022_Tottenham,Premier League,1.05,72.3,42.1,-0.04,41.2,5.8,1.18,1.4051992631562042
528,528,Gauthier Gallon_2022_Troyes,Ligue 1,1.45,72.6,25.8,0.07,40.5,4.6,0.81,0.5373875690256245
529,529,Jessy Moulin_2022_Troyes,Ligue 1,1.14,75.0,14.3,-0.02,33.0,10.1,1.29,0.48525641289653
530,530,Marco Silvestri_2022_Udinese,Serie A,1.43,68.1,20.0,-0.1,38.8,3.5,0.29,-0.4968794886854957
531,531,Andreas Luthe_2022_Union Berlin,Bundesliga,1.44,64.4,22.2,-0.2,34.5,7.3,0.89,-0.8973940279335431
532,532,Frederik Ronnow_2022_Union Berlin,Bundesliga,0.71,72.2,28.6,-0.09,35.2,13.3,0.43,1.2074077592017196
533,533,Jasper Cillessen_2022_Valencia,La Liga,1.79,68.8,17.6,0.1,43.0,3.1,0.86,-0.3941302203420909
534,534,Giorgi Mamardashvili_2022_Valencia,La Liga,1.11,76.0,44.4,0.06,36.6,4.8,1.61,1.8764795458944274
535,535,Luca Lezzerini_2022_Venezia,Serie A,1.64,76.9,0.0,0.05,37.3,2.0,0.55,-0.4983176697087995
536,536,Niki Maenpaa_2022_Venezia,Serie A,1.64,73.8,6.3,0.07,31.7,2.2,0.61,-0.5374736649646001
537,537,Sergio Romero_2022_Venezia,Serie A,2.06,74.3,18.8,-0.01,38.1,5.3,0.69,-0.5429682061817828
538,538,Sergio Asenjo_2022_Villarreal,La Liga,1.5,71.4,0.0,-0.01,28.8,2.9,2.33,-0.9080433578304499
539,539,Geronimo Rulli_2022_Villarreal,La Liga,0.87,75.0,43.8,0.04,39.3,4.6,1.63,2.055425375128402
540,540,Daniel Bachmann_2022_Watford,Premier League,2.33,65.3,0.0,-0.23,34.3,3.7,1.0,-2.876592560244495
541,541,Ben Foster_2022_Watford,Premier League,1.88,60.3,15.4,-0.42,31.5,4.4,1.42,-2.6043694454592052
542,542,Lukasz Fabianski_2022_West Ham,Premier League,1.35,70.4,21.6,-0.03,36.8,4.7,0.32,0.002308571875225362
543,543,Koen Casteels_2022_Wolfsburg,Bundesliga,1.43,68.6,35.7,0.07,44.6,7.5,1.07,0.769377787562064
544,544,Pavao Pervan_2022_Wolfsburg,Bundesliga,2.33,65.8,16.7,-0.29,31.0,2.1,1.17,-2.4317633055475376
545,545,Jose Sa_2022_Wolves,Premier League,1.1,80.6,29.7,0.2,29.4,7.8,1.1,1.9498955743734605
546,546,Benjamin Leroy_2023_Ajaccio,Ligue 1,1.93,60.9,12.5,-0.36,40.8,4.6,1.74,-2.4101865530238387
547,547,Francois-Joseph Sollacaro_2023_Ajaccio,Ligue 1,2.33,45.8,16.7,-0.65,21.8,6.5,1.0,-4.9062353291702125
548,548,Fernando_2023_Almeria,La Liga,1.67,70.5,10.8,0.01,35.7,6.4,0.71,-0.6379689868013002
549,549,Paul Bernardoni_2023_Angers,Ligue 1,2.3,62.2,11.1,-0.28,32.3,5.9,0.67,-2.786574807662884
550,550,Yahia Fofana_2023_Angers,Ligue 1,1.73,66.7,9.1,-0.14,26.4,11.9,0.82,-1.4430926148014611
551,551,Aaron Ramsdale_2023_Arsenal,Premier League,1.13,70.6,36.8,-0.05,25.4,5.8,1.13,0.6975231830115625
552,552,Emiliano Martinez_2023_Aston Villa,Premier League,1.09,74.2,30.6,0.07,38.0,12.4,2.09,1.4916038341875233
553,553,Juan Musso_2023_Atalanta,Serie A,1.17,71.9,29.2,-0.14,39.5,5.5,1.04,0.46505194806203876
554,554,Marco Sportiello_2023_Atalanta,Serie A,1.41,68.8,14.3,-0.1,35.1,9.0,1.21,-0.5086135855824637
555,555,Julen Agirrezabala_2023_Athletic Club,La Liga,0.8,68.4,28.6,-0.06,36.6,11.5,1.33,0.9113632458091896
556,556,Unai Simon_2023_Athletic Club,La Liga,1.21,67.3,29.0,-0.08,38.2,5.1,1.31,0.17998352439660506
557,557,Ivo Grbic_2023_Atletico Madrid,La Liga,1.17,81.3,20.0,0.17,31.1,10.7,0.68,1.5526570761979752
558,558,Jan Oblak_2023_Atletico Madrid,La Liga,0.72,75.9,39.3,0.07,32.1,7.0,0.69,2.088797978783037
559,559,Rafal Gikiewicz_2023_Augsburg,Bundesliga,1.78,70.6,21.7,0.01,40.9,5.8,1.96,-0.20514326316459522
560,560,Tomas Koubek_2023_Augsburg,Bundesliga,2.0,66.2,9.1,0.19,34.2,5.7,2.0,-0.9644889742138827
561,561,Benoit Costil_2023_Auxerre,Ligue 1,2.16,60.4,10.5,-0.37,45.2,1.1,0.58,-2.905045540812629
562,562,Ionut Radu_2023_Auxerre,Ligue 1,1.18,73.0,29.4,0.17,33.5,5.1,0.76,1.160963388285192
563,563,Marc-Andre ter Stegen_2023_Barcelona,La Liga,0.48,84.7,68.4,0.23,50.1,4.9,1.1,4.80261836440379
564,564,Manuel Neuer_2023_Bayern Munich,Bundesliga,0.92,79.5,33.3,0.31,49.4,3.9,1.92,2.7581925426008915
565,565,Yann Sommer_2023_Bayern Munich,Bundesliga,1.32,67.3,26.3,-0.07,40.7,5.7,1.42,0.031322064045402005
566,566,Claudio Bravo_2023_Betis,La Liga,0.75,81.0,33.3,0.17,33.3,1.9,0.5,2.353884774915313
567,567,Rui Silva_2023_Betis,La Liga,1.23,71.2,34.6,0.07,37.6,4.9,1.42,1.0202464922390782
568,568,Manuel Riemann_2023_Bochum,Bundesliga,2.12,68.0,14.7,0.0,47.1,5.8,3.56,-0.9032162887157612
569,569,Lukasz Skorupski_2023_Bologna,Serie A,1.32,73.9,18.9,0.05,39.4,5.9,0.65,0.48986773907097503
570,570,Neto_2023_Bournemouth,Premier League,1.47,74.6,22.2,0.06,36.6,6.9,0.94,0.5088362591320803
571,571,Mark Travers_2023_Bournemouth,Premier League,2.78,54.5,18.2,-0.52,46.1,2.2,0.43,-4.144572398396831
572,572,David Raya_2023_Brentford,Premier League,1.21,77.7,31.6,0.13,39.3,8.7,1.42,1.6959397750253113
573,573,Marco Bizot_2023_Brest,Ligue 1,1.46,73.3,21.6,0.08,41.5,5.8,0.68,0.48151247837723554
574,574,Robert Sanchez_2023_Brighton,Premier League,1.3,66.2,26.1,-0.12,29.3,7.4,0.57,-0.3534436527983857
575,575,Jason Steele_2023_Brighton,Premier League,1.53,61.4,40.0,-0.1,45.9,7.9,1.27,-0.11263777945636991
576,576,Agustin Marchesin_2023_Celta Vigo,La Liga,1.53,62.5,31.6,-0.38,38.6,5.5,1.32,-1.1771554406487945
577,577,Ivan Villar_2023_Celta Vigo,La Liga,1.26,66.1,21.1,-0.09,33.9,3.1,0.74,-0.44426543080282715
578,578,Kepa Arrizabalaga_2023_Chelsea,Premier League,1.16,73.3,31.0,0.18,31.9,4.5,1.82,1.3185402652763611
579,579,Edouard Mendy_2023_Chelsea,Premier League,1.47,64.1,11.1,-0.22,35.1,7.0,1.16,-1.4018823525636468
580,580,Mory Diaw_2023_Clermont Foot,Ligue 1,1.27,75.8,27.0,0.23,39.1,7.3,0.68,1.4595785608304128
581,581,Marco Carnesecchi_2023_Cremonese,Serie A,1.74,70.6,14.8,-0.07,30.0,7.2,1.07,-0.8045450022853374
582,582,Ionut Radu_2023_Cremonese,Serie A,2.11,75.0,11.1,0.22,26.6,5.6,1.0,-0.4487405422514125
583,583,Vicente Guaita_2023_Crystal Palace,Premier League,1.26,72.4,22.2,0.01,35.9,6.3,0.96,0.4457504023997231
584,584,Sam Johnstone_2023_Crystal Palace,Premier League,1.11,76.5,33.3,0.11,30.3,1.9,1.22,1.4256844752777456
585,585,Jeremias Ledesma_2023_Cadiz,La Liga,1.41,77.7,35.3,-0.03,32.1,7.1,0.76,1.0221673358997543
586,586,Gregor Kobel_2023_Dortmund,Bundesliga,1.19,73.9,40.7,0.1,39.7,5.1,1.37,1.6145786574544096
587,587,Alexander Meyer_2023_Dortmund,Bundesliga,1.71,62.5,14.3,-0.58,40.0,8.8,2.57,-2.3425919038483434
588,588,Kevin Trapp_2023_Eint Frankfurt,Bundesliga,1.55,62.3,18.2,-0.23,24.5,4.2,0.73,-1.6558645479374308
589,589,Edgar Badia_2023_Elche,La Liga,1.75,72.0,11.1,0.24,45.3,3.7,0.56,0.024240732936433102
590,590,Samuele Perisan_2023_Empoli,Serie A,1.29,62.5,28.6,-0.22,33.3,3.7,0.57,-0.7949222234350546
591,591,Guglielmo Vicario_2023_Empoli,Serie A,1.26,73.9,22.6,0.09,30.3,5.6,0.71,0.6468231183439692
592,592,Alvaro Fernandez_2023_Espanyol,La Liga,1.64,64.0,18.2,-0.17,47.1,3.3,1.36,-1.1075694237020404
593,593,Benjamin Lecomte_2023_Espanyol,La Liga,1.4,65.0,10.0,-0.26,45.0,2.7,1.1,-1.3279798176961248
594,594,Fernando Pacheco_2023_Espanyol,La Liga,2.06,67.0,18.8,-0.4,46.7,6.6,1.19,-1.8416331704879965
595,595,Jordan Pickford_2023_Everton,Premier League,1.54,71.3,21.6,0.08,33.7,3.9,1.41,0.10634445333495325
596,596,Pietro Terracciano_2023_Fiorentina,Serie A,1.31,66.7,17.2,-0.1,41.3,4.4,1.9,-0.407259552122696
597,597,Mark Flekken_2023_Freiburg,Bundesliga,1.29,74.0,38.2,0.07,40.8,7.4,1.26,1.400991319585899
598,598,Bernd Leno_2023_Fulham,Premier League,1.42,77.1,22.2,0.25,31.7,7.5,1.28,1.1719648902580782
599,599,David Soria_2023_Getafe,La Liga,1.18,75.3,34.2,0.07,45.2,6.1,1.21,1.5214082168252274
600,600,Juan Carlos_2023_Girona,La Liga,1.8,62.8,0.0,-0.13,35.9,5.0,2.1,-2.076084660988127
601,601,Paulo Gazzaniga_2023_Girona,La Liga,1.32,73.6,14.3,0.3,36.5,7.8,1.36,0.9292149550505565
602,602,Lorenzo Montipo_2023_Hellas Verona,Serie A,1.59,68.0,13.5,-0.17,46.5,5.2,1.49,-0.870065364305149
603,603,Oliver Christensen_2023_Hertha BSC,Bundesliga,2.06,61.3,9.1,-0.31,34.8,6.8,2.12,-2.565525022837868
604,604,Oliver Baumann_2023_Hoffenheim,Bundesliga,1.68,65.8,14.7,-0.16,39.2,8.1,1.26,-1.1453856485525644
605,605,Samir Handanovic_2023_Inter,Serie A,1.31,67.3,28.6,-0.14,51.7,1.3,0.73,-0.004143268154056259
606,606,Andre Onana_2023_Inter,Serie A,1.0,73.5,33.3,-0.11,38.9,5.3,0.42,0.9661414106722301
607,607,Mattia Perin_2023_Juventus,Serie A,0.66,85.0,60.0,0.39,29.9,2.6,1.04,4.295311492864638
608,608,Wojciech Szczesny_2023_Juventus,Serie A,0.95,75.3,50.0,0.0,47.4,2.8,0.76,2.1555507628231485
609,609,Marvin Schwabe_2023_Koln,Bundesliga,1.59,61.2,17.6,-0.26,38.1,4.1,0.65,-1.6727932811913593
610,610,Ivan Provedel_2023_Lazio,Serie A,0.79,77.3,56.8,0.06,42.4,4.3,1.45,2.898386811326434
611,611,Wladimiro Falcone_2023_Lecce,Serie A,1.21,73.7,15.8,0.01,26.9,4.3,1.11,0.18579485399668647
612,612,Illan Meslier_2023_Leeds United,Premier League,1.97,59.5,14.7,-0.36,23.6,7.9,1.94,-2.6722461326880795
613,613,Daniel Iversen_2023_Leicester City,Premier League,1.83,66.1,8.3,-0.18,19.6,7.9,0.5,-1.9553131327357096
614,614,Danny Ward_2023_Leicester City,Premier League,1.77,63.0,23.1,-0.21,31.0,5.6,1.62,-1.4413487929560869
615,615,Brice Samba_2023_Lens,Ligue 1,0.76,80.0,40.5,0.15,40.0,8.9,1.11,2.792542778454268
616,616,Lukas Hradecky_2023_Leverkusen,Bundesliga,1.42,71.8,27.3,-0.11,31.4,6.7,0.79,0.04024088821116168
617,617,Lucas Chevalier_2023_Lille,Ligue 1,0.97,72.4,31.3,0.08,27.0,6.9,0.78,1.1611416807688308
618,618,Alisson_2023_Liverpool,Premier League,1.16,72.1,37.8,0.27,41.0,5.8,2.41,1.9066169103034325
619,619,Vito Mannone_2023_Lorient,Ligue 1,1.34,72.6,29.4,0.07,31.8,3.5,0.5,0.6204224722213696
620,620,Yvon Mvogo_2023_Lorient,Ligue 1,1.44,71.4,14.3,-0.04,37.7,5.5,0.35,-0.29077577532216364
621,621,Anthony Lopes_2023_Lyon,Ligue 1,1.25,75.6,21.9,0.14,36.0,5.3,0.8,0.9741447074363168
622,622,Remy Riou_2023_Lyon,Ligue 1,1.2,83.3,16.7,0.27,24.5,7.7,1.5,1.6629715638564284
623,623,Jonas Omlin_2023_M'Gladbach,Bundesliga,1.26,71.4,33.3,0.0,32.2,6.8,1.4,0.7404433755266762
624,624,Tobias Sippel_2023_M'Gladbach,Bundesliga,2.12,66.7,20.0,-0.08,23.6,2.3,0.71,-1.6293573920923303
625,625,Yann Sommer_2023_M'Gladbach,Bundesliga,1.4,80.0,30.0,0.37,34.0,3.1,1.3,1.9379390115621398
626,626,Finn Dahmen_2023_Mainz 05,Bundesliga,2.0,65.9,0.0,-0.32,34.5,10.8,1.0,-2.482868296675626
627,627,Robin Zentner_2023_Mainz 05,Bundesliga,1.5,67.0,26.9,-0.14,33.8,13.4,2.04,-0.24697558772012368
628,628,Predrag Rajkovic_2023_Mallorca,La Liga,1.11,74.4,33.3,-0.02,41.1,5.3,0.53,1.1608657368071877
629,629,Ederson_2023_Manchester City,Premier League,0.91,62.3,31.4,-0.14,44.5,6.6,0.94,0.20856416004527953
630,630,David de Gea_2023_Manchester Utd,Premier League,1.13,71.1,44.7,-0.02,31.4,2.9,0.84,1.116414711696708
631,631,Ruben Blanco_2023_Marseille,Ligue 1,1.09,68.4,0.0,-0.02,23.4,4.1,1.27,-0.800142264236391
632,632,Pau Lopez_2023_Marseille,Ligue 1,1.05,76.4,31.3,0.02,34.6,5.9,1.14,1.3561786457701455
633,633,Mike Maignan_2023_Milan,Serie A,0.96,69.4,36.4,-0.03,39.4,6.8,1.46,1.1075520177472622
634,634,Ciprian Tatarusanu_2023_Milan,Serie A,1.37,67.2,25.0,-0.26,48.2,4.6,0.81,-0.4798364296410217
635,635,Alexander Nubel_2023_Monaco,Ligue 1,1.53,72.8,23.7,-0.14,42.5,7.9,0.87,-0.009574259930567612
636,636,Benjamin Lecomte_2023_Montpellier,Ligue 1,1.16,79.2,42.1,0.4,36.0,5.5,0.68,2.7373244508895755
637,637,Jonas Omlin_2023_Montpellier,Ligue 1,2.01,68.5,14.3,0.0,32.9,6.7,0.93,-1.1175760245403594
638,638,Michele Di Gregorio_2023_Monza,Serie A,1.32,72.5,27.0,0.02,34.9,2.6,0.86,0.4788310338695077
639,639,Alban Lafont_2023_Nantes,Ligue 1,1.46,74.9,29.7,0.13,36.6,8.5,1.05,1.0360062121898255
640,640,Alex Meret_2023_Napoli,Serie A,0.71,74.7,47.1,0.03,38.6,3.3,1.15,2.252897799899791
641,641,Nick Pope_2023_Newcastle Utd,Premier League,0.88,74.6,37.8,0.01,32.6,8.3,2.04,1.718334180792303
642,642,Kasper Schmeichel_2023_Nice,Ligue 1,0.97,77.3,30.6,0.02,43.8,5.3,0.64,1.5985414620325136
643,643,Dean Henderson_2023_Nott'ham Forest,Premier League,1.72,65.9,33.3,-0.23,32.3,6.9,1.5,-0.7762145198771403
644,644,Keylor Navas_2023_Nott'ham Forest,Premier League,1.88,66.3,5.9,-0.16,33.1,4.7,0.53,-1.8973261420312393
645,645,Aitor Fernandez_2023_Osasuna,La Liga,0.9,75.3,38.1,-0.01,43.6,4.4,1.76,1.7822509383603902
646,646,Sergio Herrera_2023_Osasuna,La Liga,1.35,69.0,17.6,-0.04,43.0,7.4,1.18,-0.06647122523279528
647,647,Gianluigi Donnarumma_2023_Paris S-G,Ligue 1,1.06,76.3,34.2,0.11,36.5,7.6,0.71,1.7021626257903466
648,648,Janis Blaswich_2023_RB Leipzig,Bundesliga,1.12,69.3,26.9,-0.08,31.2,6.9,1.5,0.30578126779275056
649,649,Peter Gulacsi_2023_RB Leipzig,Bundesliga,1.67,65.4,33.3,0.19,29.7,4.9,1.67,0.16635310165762068
650,650,Stole Dimitrievski_2023_Rayo Vallecano,La Liga,1.33,67.6,24.3,-0.02,28.3,4.8,1.41,-0.1334502093537419
651,651,Thibaut Courtois_2023_Real Madrid,La Liga,0.94,78.8,32.3,0.02,38.8,8.7,1.29,1.8535557344206086
652,652,Andriy Lunin_2023_Real Madrid,La Liga,1.0,61.1,42.9,-0.21,51.9,1.9,1.57,0.32272196179573276
653,653,Alex Remiro_2023_Real Sociedad,La Liga,0.92,74.4,39.5,0.0,42.7,4.0,1.24,1.70860759071161
654,654,Yehvann Diouf_2023_Reims,Ligue 1,1.0,78.1,45.2,0.22,44.2,9.3,1.13,2.7778072476156743
655,655,Patrick Pentz_2023_Reims,Ligue 1,2.0,58.6,0.0,-0.16,30.9,7.8,0.57,-2.8254150366950554
656,656,Dogan Alemdar_2023_Rennes,Ligue 1,1.77,56.3,25.0,-0.32,34.3,6.7,1.11,-2.1080884999137885
657,657,Steve Mandanda_2023_Rennes,Ligue 1,0.93,73.6,35.3,0.07,38.8,9.2,1.52,1.716931799038871
658,658,Rui Patricio_2023_Roma,Serie A,1.0,69.4,37.1,-0.18,41.2,4.0,0.71,0.6474287298494928
659,659,Guillermo Ochoa_2023_Salernitana,Serie A,1.65,71.4,20.0,0.09,31.4,3.5,0.5,-0.15627377450607263
660,660,Luigi Sepe_2023_Salernitana,Serie A,1.59,73.6,17.6,0.2,27.7,7.2,0.76,0.3003368565971149
661,661,Emil Audero_2023_Sampdoria,Serie A,1.56,71.9,16.0,-0.19,36.1,6.7,0.92,-0.6509425159134024
662,662,Nicola Ravaglia_2023_Sampdoria,Serie A,2.56,67.2,0.0,-0.57,33.8,6.5,0.11,-3.8110010280619484
663,663,Andrea Consigli_2023_Sassuolo,Serie A,1.57,55.6,25.7,-0.41,40.4,6.0,0.8,-2.048639294369795
664,664,Ralf Fahrmann_2023_Schalke 04,Bundesliga,1.14,78.2,41.7,0.04,45.6,6.8,0.79,2.0025604611225427
665,665,Alexander Schwolow_2023_Schalke 04,Bundesliga,2.57,60.9,9.1,-0.54,40.8,2.2,1.02,-3.831506373132663
666,666,Yassine Bounou_2023_Sevilla,La Liga,1.72,63.2,16.0,-0.07,38.0,6.5,1.63,-1.1663337430822904
667,667,Marko Dmitrovic_2023_Sevilla,La Liga,0.92,76.4,38.5,0.02,31.6,5.6,0.71,1.7006674179281909
668,668,Gavin Bazunu_2023_Southampton,Premier League,1.75,54.2,12.5,-0.52,33.7,7.9,1.5,-3.151301160766379
669,669,Alex McCarthy_2023_Southampton,Premier League,2.83,46.7,0.0,-0.84,19.5,6.5,1.17,-6.539941178859617
670,670,Bartlomiej Dragowski_2023_Spezia,Serie A,1.65,69.5,17.6,-0.15,31.3,2.8,0.98,-0.953389667922103
671,671,Matz Sels_2023_Strasbourg,Ligue 1,1.55,71.8,15.8,-0.06,34.9,6.2,0.84,-0.38081530896222965
672,672,Fabian Bredlow_2023_Stuttgart,Bundesliga,1.53,69.5,6.7,-0.13,42.6,5.9,1.0,-0.918390826572783
673,673,Florian Muller_2023_Stuttgart,Bundesliga,1.79,62.1,5.3,-0.36,46.2,2.3,1.47,-2.402463910837766
674,674,Vanja Milinkovic-Savic_2023_Torino,Serie A,1.08,73.5,28.9,-0.14,30.4,7.7,1.84,0.6405994446618473
675,675,Fraser Forster_2023_Tottenham,Premier League,1.78,60.0,23.1,-0.2,29.0,2.6,1.19,-1.791236786485396
676,676,Hugo Lloris_2023_Tottenham,Premier League,1.59,67.5,28.0,-0.17,35.3,6.2,1.18,-0.5400318637743008
677,677,Maxime Dupe_2023_Toulouse,Ligue 1,1.5,70.4,23.7,0.01,37.5,5.8,0.55,0.04754261438448293
678,678,Gauthier Gallon_2023_Troyes,Ligue 1,2.19,66.1,0.0,-0.27,27.4,6.7,0.3,-2.8269163315672072
679,679,Mateusz Lis_2023_Troyes,Ligue 1,1.92,72.5,12.5,0.05,30.7,7.8,1.56,-0.6173222202059876
680,680,Marco Silvestri_2023_Udinese,Serie A,1.26,69.3,26.3,0.07,37.9,2.4,0.55,0.41768538140363565
681,681,Frederik Ronnow_2023_Union Berlin,Bundesliga,0.93,81.5,37.9,0.28,39.7,9.9,1.0,2.9289578938933967
682,682,Giorgi Mamardashvili_2023_Valencia,La Liga,1.18,70.9,18.4,0.0,33.9,7.7,1.24,0.2752293420936509
683,683,Sergio Asenjo_2023_Valladolid,La Liga,2.1,60.8,10.0,-0.42,35.8,3.0,1.7,-2.9773366206797784
684,684,Jordi Masip_2023_Valladolid,La Liga,1.51,74.5,28.6,0.17,34.2,3.8,0.5,0.8183977069836025
685,685,Pepe Reina_2023_Villarreal,La Liga,1.23,73.6,22.7,0.13,30.9,4.8,0.91,0.7618511389899013
686,686,Geronimo Rulli_2023_Villarreal,La Liga,0.71,82.1,50.0,0.18,42.0,9.3,1.5,3.510022995703507
687,687,Jiri Pavlenka_2023_Werder Bremen,Bundesliga,1.89,65.3,12.1,-0.22,39.8,4.6,1.18,-1.7516904250047014
688,688,Lukasz Fabianski_2023_West Ham,Premier League,1.39,70.1,22.2,-0.03,38.4,5.7,0.72,0.02694112572853336
689,689,Koen Casteels_2023_Wolfsburg,Bundesliga,1.41,70.1,35.3,-0.03,43.7,5.9,1.5,0.6331293796105755
690,690,Jose Sa_2023_Wolves,Premier League,1.53,67.1,30.6,-0.16,27.6,8.0,0.78,-0.4849066446668455
